STATE,ST_CASE,VE_TOTAL,VE_FORMS,PVH_INVL,PEDS,PERNOTMVIT,PERMVIT,PERSONS,COUNTY,CITY,DAY,MONTH,YEAR,DAY_WEEK,HOUR,MINUTE,NHS,ROAD_FNC,ROUTE,TWAY_ID,TWAY_ID2,MILEPT,LATITUDE,LONGITUD,SP_JUR,HARM_EV,MAN_COLL,RELJCT1,RELJCT2,TYP_INT,WRK_ZONE,REL_ROAD,LGT_COND,WEATHER1,WEATHER2,WEATHER,SCH_BUS,RAIL,NOT_HOUR,NOT_MIN,ARR_HOUR,ARR_MIN,HOSP_HR,HOSP_MN,CF1,CF2,CF3,FATALS,DRUNK_DR
1.0,10125.0,2.0,2.0,0.0,0.0,0.0,5.0,5.0,101.0,2130.0,26.0,2.0,2013.0,3.0,3.0,20.0,1.0,13.0,2.0,US-SR 6,ROSA PARKS AVE,0.0,32.32666667,-86.315975,0.0,12.0,6.0,0.0,2.0,2.0,0.0,1.0,3.0,10.0,0.0,10.0,0.0,0000000,99.0,99.0,3.0,27.0,99.0,99.0,0.0,0.0,0.0,1.0,1.0
1.0,10126.0,1.0,1.0,0.0,0.0,0.0,3.0,3.0,93.0,0.0,6.0,3.0,2013.0,4.0,14.0,48.0,0.0,4.0,4.0,CR-45,,0.0,34.03252222,-87.905625,0.0,32.0,0.0,0.0,1.0,1.0,0.0,4.0,1.0,1.0,0.0,1.0,0.0,0000000,99.0,99.0,15.0,9.0,99.0,99.0,20.0,0.0,0.0,1.0,1.0
1.0,10127.0,1.0,1.0,0.0,0.0,0.0,1.0,1.0,101.0,2130.0,9.0,3.0,2013.0,7.0,22.0,16.0,1.0,13.0,6.0,BIBB ST,COMMERCE ST,0.0,32.37891389,-86.31074167,0.0,1.0,0.0,0.0,3.0,2.0,0.0,1.0,3.0,1.0,0.0,1.0,0.0,0000000,99.0,99.0,22.0,21.0,99.0,99.0,0.0,0.0,0.0,1.0,1.0
1.0,10128.0,1.0,1.0,0.0,1.0,1.0,2.0,2.0,3.0,2355.0,10.0,3.0,2013.0,1.0,14.0,21.0,0.0,2.0,3.0,SR-182,,112.0,30.26271389,-87.61353056,0.0,8.0,0.0,0.0,1.0,1.0,0.0,1.0,1.0,10.0,0.0,10.0,0.0,0000000,99.0,99.0,14.0,27.0,88.0,88.0,0.0,0.0,0.0,1.0,0.0
1.0,10129.0,1.0,1.0,0.0,0.0,0.0,1.0,1.0,119.0,0.0,10.0,3.0,2013.0,1.0,16.0,15.0,0.0,6.0,4.0,CR-5,,0.0,32.36613056,-88.36540556,0.0,1.0,0.0,0.0,1.0,1.0,0.0,4.0,1.0,1.0,0.0,1.0,0.0,0000000,99.0,99.0,16.0,50.0,88.0,88.0,0.0,0.0,0.0,1.0,1.0
1.0,10130.0,2.0,2.0,0.0,0.0,0.0,15.0,15.0,97.0,0.0,11.0,3.0,2013.0,2.0,14.0,27.0,0.0,14.0,3.0,SR-193,FOWL RIVER ROAD,151.0,30.46495833,-88.11463889,0.0,12.0,6.0,0.0,2.0,2.0,0.0,1.0,1.0,1.0,0.0,1.0,0.0,0000000,99.0,99.0,14.0,35.0,99.0,99.0,0.0,0.0,0.0,1.0,0.0
1.0,10131.0,1.0,1.0,0.0,0.0,0.0,2.0,2.0,5.0,0.0,11.0,3.0,2013.0,2.0,19.0,37.0,0.0,3.0,3.0,SR-51,,269.0,31.64189444,-85.67625278,0.0,32.0,0.0,0.0,1.0,1.0,0.0,4.0,3.0,2.0,0.0,2.0,0.0,0000000,99.0,99.0,20.0,4.0,99.0,99.0,0.0,0.0,0.0,1.0,0.0
1.0,10132.0,1.0,1.0,0.0,0.0,0.0,2.0,2.0,133.0,0.0,12.0,3.0,2013.0,3.0,15.0,35.0,0.0,6.0,4.0,CR-30,,0.0,34.21260278,-87.60422778,0.0,42.0,0.0,0.0,1.0,1.0,0.0,4.0,1.0,1.0,0.0,1.0,0.0,0000000,99.0,99.0,15.0,37.0,99.0,99.0,0.0,0.0,0.0,1.0,0.0
1.0,10133.0,1.0,1.0,0.0,0.0,0.0,2.0,2.0,111.0,0.0,13.0,3.0,2013.0,4.0,9.0,55.0,1.0,2.0,2.0,US-SR 1,,2058.0,33.42530833,-85.55146667,0.0,52.0,0.0,0.0,1.0,1.0,0.0,4.0,1.0,1.0,0.0,1.0,0.0,0000000,99.0,99.0,10.0,20.0,99.0,99.0,0.0,0.0,0.0,1.0,0.0
1.0,10134.0,1.0,1.0,0.0,0.0,0.0,1.0,1.0,17.0,0.0,13.0,3.0,2013.0,4.0,9.0,35.0,0.0,4.0,4.0,CR-212,,0.0,32.94077222,-85.20790833,0.0,32.0,0.0,0.0,1.0,1.0,0.0,4.0,1.0,1.0,0.0,1.0,0.0,0000000,99.0,99.0,9.0,56.0,88.0,88.0,0.0,0.0,0.0,1.0,0.0
1.0,10135.0,1.0,1.0,0.0,1.0,1.0,1.0,1.0,97.0,2100.0,14.0,3.0,2013.0,5.0,6.0,10.0,1.0,11.0,1.0,I-65,,20.0,30.64913611,-88.12099444,0.0,8.0,0.0,1.0,18.0,1.0,0.0,1.0,4.0,1.0,0.0,1.0,0.0,0000000,99.0,99.0,6.0,21.0,88.0,88.0,19.0,0.0,0.0,1.0,0.0
1.0,10136.0,2.0,2.0,0.0,0.0,0.0,3.0,3.0,117.0,0.0,15.0,3.0,2013.0,6.0,11.0,40.0,0.0,14.0,3.0,SR-119,,270.0,33.40637222,-86.68053056,0.0,12.0,2.0,0.0,1.0,1.0,0.0,1.0,1.0,1.0,0.0,1.0,0.0,0000000,99.0,99.0,11.0,48.0,99.0,99.0,0.0,0.0,0.0,1.0,0.0
1.0,10137.0,1.0,1.0,0.0,0.0,0.0,2.0,2.0,87.0,0.0,16.0,3.0,2013.0,7.0,20.0,48.0,0.0,4.0,4.0,CR-2,,0.0,32.245325,-85.58056111,0.0,32.0,0.0,0.0,1.0,1.0,0.0,4.0,3.0,1.0,0.0,1.0,0.0,0000000,99.0,99.0,21.0,3.0,99.0,99.0,0.0,0.0,0.0,1.0,1.0
1.0,10138.0,1.0,1.0,0.0,0.0,0.0,1.0,1.0,51.0,2063.0,17.0,3.0,2013.0,1.0,20.0,38.0,0.0,3.0,3.0,SR-14,,1587.0,32.49999167,-86.3949,0.0,42.0,0.0,0.0,1.0,1.0,0.0,4.0,2.0,10.0,0.0,10.0,0.0,0000000,99.0,99.0,20.0,49.0,88.0,88.0,0.0,0.0,0.0,1.0,0.0
1.0,10139.0,1.0,1.0,0.0,0.0,0.0,1.0,1.0,127.0,0.0,18.0,3.0,2013.0,2.0,7.0,50.0,0.0,6.0,4.0,CR-SCOTT CEMETERY ROAD,,0.0,33.89865833,-87.41574444,0.0,42.0,0.0,0.0,1.0,1.0,0.0,4.0,1.0,2.0,0.0,2.0,0.0,0000000,99.0,99.0,8.0,5.0,88.0,88.0,0.0,0.0,0.0,1.0,0.0
1.0,10140.0,2.0,2.0,0.0,0.0,0.0,3.0,3.0,127.0,0.0,18.0,3.0,2013.0,2.0,8.0,15.0,0.0,3.0,3.0,SR-69,,2111.0,33.86039722,-87.17250278,0.0,12.0,2.0,0.0,1.0,1.0,0.0,1.0,1.0,2.0,0.0,2.0,0.0,0000000,99.0,99.0,8.0,40.0,99.0,99.0,0.0,0.0,0.0,2.0,0.0
1.0,10141.0,2.0,2.0,0.0,0.0,0.0,3.0,3.0,29.0,0.0,21.0,3.0,2013.0,5.0,17.0,25.0,0.0,3.0,3.0,SR-46,,105.0,33.5816,-85.469225,0.0,12.0,2.0,0.0,1.0,1.0,0.0,1.0,1.0,1.0,0.0,1.0,0.0,0000000,99.0,99.0,17.0,45.0,99.0,99.0,0.0,0.0,0.0,3.0,0.0
1.0,10142.0,1.0,1.0,0.0,0.0,0.0,1.0,1.0,91.0,0.0,22.0,3.0,2013.0,6.0,6.0,45.0,1.0,2.0,2.0,US-SR 13,,1314.0,32.46851944,-87.79249167,0.0,42.0,0.0,0.0,1.0,1.0,0.0,4.0,1.0,10.0,0.0,10.0,0.0,0000000,99.0,99.0,7.0,0.0,88.0,88.0,0.0,0.0,0.0,1.0,1.0
1.0,10143.0,2.0,2.0,0.0,0.0,0.0,5.0,5.0,37.0,2660.0,22.0,3.0,2013.0,6.0,21.0,23.0,1.0,2.0,2.0,US-SR 21,,1897.0,32.90430278,-86.21404444,0.0,12.0,2.0,0.0,1.0,1.0,0.0,1.0,2.0,10.0,0.0,10.0,0.0,0000000,99.0,99.0,21.0,32.0,99.0,99.0,0.0,0.0,0.0,2.0,0.0
1.0,10144.0,2.0,2.0,0.0,0.0,0.0,2.0,2.0,55.0,1670.0,21.0,3.0,2013.0,5.0,15.0,38.0,1.0,2.0,2.0,US-SR 74,,1438.0,33.98298056,-85.81733889,0.0,12.0,2.0,0.0,1.0,1.0,0.0,1.0,1.0,1.0,0.0,1.0,1.0,0000000,99.0,99.0,15.0,43.0,99.0,99.0,0.0,0.0,0.0,1.0,0.0
1.0,10145.0,2.0,2.0,0.0,1.0,1.0,4.0,4.0,73.0,350.0,12.0,2.0,2013.0,3.0,18.0,12.0,1.0,13.0,3.0,SR-75,,0.0,33.60245,-86.69117222,0.0,8.0,0.0,0.0,1.0,1.0,0.0,1.0,2.0,2.0,0.0,2.0,0.0,0000000,99.0,99.0,18.0,19.0,88.0,88.0,0.0,0.0,0.0,1.0,0.0
1.0,10146.0,2.0,2.0,0.0,0.0,0.0,4.0,4.0,73.0,0.0,21.0,2.0,2013.0,5.0,5.0,10.0,1.0,13.0,3.0,SR-79,PAWNEE VILLAGE RD,79.0,33.61901944,-86.73836389,0.0,12.0,1.0,0.0,3.0,2.0,0.0,1.0,2.0,10.0,0.0,10.0,0.0,0000000,99.0,99.0,5.0,24.0,88.0,88.0,0.0,0.0,0.0,1.0,0.0
1.0,10147.0,2.0,2.0,0.0,0.0,0.0,3.0,3.0,55.0,1280.0,4.0,3.0,2013.0,2.0,10.0,52.0,1.0,11.0,1.0,I-759,,30.0,33.99192778,-86.03551389,0.0,12.0,6.0,0.0,1.0,1.0,0.0,1.0,1.0,1.0,0.0,1.0,0.0,0000000,99.0,99.0,10.0,55.0,99.0,99.0,0.0,0.0,0.0,1.0,0.0
1.0,10148.0,2.0,2.0,0.0,0.0,0.0,3.0,3.0,23.0,520.0,12.0,3.0,2013.0,3.0,7.0,47.0,0.0,3.0,3.0,SR-17,,1108.0,32.10981667,-88.20051389,0.0,12.0,2.0,0.0,1.0,1.0,0.0,1.0,1.0,1.0,0.0,1.0,0.0,0000000,99.0,99.0,7.0,52.0,99.0,99.0,0.0,0.0,0.0,1.0,1.0
1.0,10149.0,2.0,2.0,0.0,0.0,0.0,2.0,2.0,91.0,900.0,14.0,3.0,2013.0,5.0,3.0,16.0,1.0,2.0,2.0,US-SR 8,,0.0,32.48929722,-87.86156944,0.0,12.0,6.0,0.0,1.0,1.0,0.0,1.0,3.0,1.0,0.0,1.0,0.0,0000000,99.0,99.0,3.0,13.0,99.0,99.0,0.0,0.0,0.0,1.0,1.0
1.0,10150.0,1.0,1.0,0.0,0.0,0.0,2.0,2.0,97.0,807.0,19.0,3.0,2013.0,3.0,7.0,5.0,1.0,1.0,1.0,I-65,,215.0,30.89388889,-88.01699167,0.0,24.0,0.0,0.0,1.0,1.0,0.0,3.0,1.0,1.0,0.0,1.0,0.0,0000000,99.0,99.0,7.0,21.0,99.0,99.0,0.0,0.0,0.0,1.0,0.0
1.0,10151.0,1.0,1.0,0.0,0.0,0.0,2.0,2.0,73.0,2170.0,23.0,2.0,2013.0,7.0,5.0,37.0,0.0,14.0,6.0,OLD LEEDS RD,,0.0,33.4992,-86.72571111,0.0,53.0,0.0,0.0,1.0,1.0,0.0,4.0,2.0,5.0,0.0,5.0,0.0,0000000,99.0,99.0,5.0,47.0,88.0,88.0,0.0,0.0,0.0,1.0,1.0
1.0,10152.0,2.0,2.0,0.0,0.0,0.0,5.0,5.0,121.0,680.0,5.0,3.0,2013.0,3.0,13.0,57.0,1.0,2.0,2.0,US-SR 38,FAY PERRY DR,0.0,33.2594,-86.34693611,0.0,12.0,6.0,0.0,2.0,2.0,0.0,1.0,1.0,2.0,0.0,2.0,0.0,0000000,99.0,99.0,13.0,58.0,99.0,99.0,0.0,0.0,0.0,1.0,0.0
1.0,10153.0,2.0,2.0,0.0,0.0,0.0,2.0,2.0,45.0,845.0,22.0,3.0,2013.0,6.0,22.0,19.0,1.0,2.0,2.0,US-SR 12,,1918.0,31.27753333,-85.68229722,0.0,12.0,7.0,0.0,1.0,1.0,0.0,1.0,2.0,1.0,0.0,1.0,0.0,0000000,99.0,99.0,22.0,36.0,88.0,88.0,0.0,0.0,0.0,1.0,1.0
1.0,10154.0,1.0,1.0,0.0,0.0,0.0,1.0,1.0,97.0,2100.0,23.0,3.0,2013.0,7.0,1.0,0.0,1.0,11.0,1.0,I-10 RAMP,,268.0,30.6869,-88.04156944,0.0,1.0,0.0,1.0,5.0,1.0,0.0,8.0,3.0,1.0,0.0,1.0,0.0,0000000,99.0,99.0,1.0,12.0,99.0,99.0,0.0,0.0,0.0,1.0,0.0
1.0,10155.0,2.0,2.0,0.0,0.0,0.0,3.0,3.0,73.0,1716.0,8.0,3.0,2013.0,6.0,15.0,49.0,1.0,11.0,1.0,I-459,,139.0,33.38514722,-86.80490556,0.0,12.0,6.0,0.0,1.0,1.0,0.0,1.0,1.0,1.0,0.0,1.0,0.0,0000000,99.0,99.0,15.0,53.0,99.0,99.0,0.0,0.0,0.0,1.0,0.0
1.0,10156.0,1.0,1.0,0.0,2.0,2.0,2.0,2.0,33.0,0.0,9.0,3.0,2013.0,7.0,1.0,40.0,0.0,6.0,4.0,CR-JARMON LANE,,0.0,34.74185556,-87.51895556,0.0,8.0,0.0,0.0,1.0,1.0,0.0,1.0,3.0,1.0,0.0,1.0,0.0,0000000,99.0,99.0,2.0,0.0,99.0,99.0,0.0,0.0,0.0,1.0,0.0
1.0,10157.0,1.0,1.0,0.0,0.0,0.0,3.0,3.0,101.0,0.0,11.0,3.0,2013.0,2.0,23.0,20.0,1.0,1.0,1.0,I-85,,169.0,32.37251944,-86.03919444,0.0,52.0,0.0,0.0,1.0,1.0,0.0,3.0,3.0,10.0,0.0,10.0,0.0,0000000,99.0,99.0,23.0,40.0,99.0,99.0,0.0,0.0,0.0,1.0,1.0
1.0,10158.0,1.0,1.0,0.0,0.0,0.0,2.0,2.0,27.0,0.0,11.0,3.0,2013.0,2.0,15.0,18.0,0.0,3.0,3.0,SR-148,,61.0,33.177,-86.14995278,0.0,35.0,0.0,0.0,1.0,1.0,0.0,4.0,1.0,2.0,0.0,2.0,0.0,0000000,99.0,99.0,15.0,30.0,99.0,99.0,0.0,0.0,0.0,1.0,0.0
1.0,10159.0,1.0,1.0,0.0,0.0,0.0,1.0,1.0,3.0,0.0,17.0,3.0,2013.0,1.0,12.0,15.0,0.0,4.0,3.0,SR-59,,703.0,31.17471389,-87.76577778,0.0,1.0,0.0,0.0,1.0,1.0,0.0,4.0,1.0,1.0,0.0,1.0,0.0,0000000,99.0,99.0,12.0,30.0,99.0,99.0,0.0,0.0,0.0,1.0,0.0
1.0,10160.0,1.0,1.0,0.0,0.0,0.0,1.0,1.0,103.0,0.0,23.0,3.0,2013.0,7.0,4.0,45.0,1.0,2.0,3.0,SR-67,,109.0,34.31163056,-86.59871389,0.0,19.0,0.0,0.0,1.0,1.0,0.0,4.0,2.0,2.0,0.0,2.0,0.0,0000000,99.0,99.0,4.0,45.0,88.0,88.0,0.0,0.0,0.0,1.0,0.0
1.0,10161.0,1.0,1.0,0.0,0.0,0.0,1.0,1.0,65.0,0.0,24.0,3.0,2013.0,1.0,19.0,55.0,0.0,4.0,4.0,CR-42,,0.0,32.91141944,-87.68082778,0.0,42.0,0.0,0.0,1.0,1.0,0.0,4.0,2.0,1.0,0.0,1.0,0.0,0000000,99.0,99.0,20.0,20.0,88.0,88.0,0.0,0.0,0.0,1.0,1.0
1.0,10162.0,2.0,2.0,0.0,0.0,0.0,2.0,2.0,83.0,9997.0,26.0,3.0,2013.0,3.0,2.0,10.0,1.0,11.0,1.0,I-565,,53.0,34.65618611,-86.80353889,0.0,12.0,2.0,1.0,18.0,1.0,0.0,1.0,3.0,10.0,0.0,10.0,0.0,0000000,99.0,99.0,2.0,24.0,99.0,99.0,0.0,0.0,0.0,1.0,1.0
1.0,10163.0,1.0,1.0,0.0,0.0,0.0,1.0,1.0,89.0,1730.0,27.0,3.0,2013.0,4.0,0.0,56.0,1.0,13.0,2.0,US-SR 1,,3310.0,34.71760833,-86.55876389,0.0,42.0,0.0,0.0,1.0,1.0,0.0,4.0,3.0,1.0,0.0,1.0,0.0,0000000,99.0,99.0,1.0,2.0,88.0,88.0,0.0,0.0,0.0,1.0,0.0
1.0,10164.0,1.0,1.0,0.0,0.0,0.0,1.0,1.0,111.0,0.0,28.0,3.0,2013.0,5.0,17.0,11.0,0.0,4.0,4.0,CR-51,,0.0,33.406575,-85.39684722,0.0,38.0,0.0,0.0,1.0,1.0,0.0,4.0,1.0,1.0,0.0,1.0,0.0,0000000,99.0,99.0,17.0,29.0,88.0,88.0,0.0,0.0,0.0,1.0,1.0
1.0,10165.0,2.0,2.0,0.0,0.0,0.0,3.0,3.0,97.0,2550.0,29.0,3.0,2013.0,6.0,23.0,22.0,0.0,16.0,6.0,BAY BRIDGE ROAD,,0.0,30.72943889,-88.07051111,0.0,12.0,9.0,0.0,1.0,1.0,0.0,1.0,3.0,1.0,0.0,1.0,0.0,0000000,99.0,99.0,23.0,22.0,88.0,88.0,0.0,0.0,0.0,2.0,1.0
1.0,10166.0,2.0,2.0,0.0,0.0,0.0,2.0,2.0,89.0,1730.0,31.0,3.0,2013.0,1.0,12.0,43.0,0.0,14.0,4.0,CR-WINCHESTER ROAD,,0.0,34.81769167,-86.49179167,0.0,12.0,6.0,0.0,8.0,1.0,0.0,1.0,1.0,2.0,0.0,2.0,0.0,0000000,99.0,99.0,12.0,57.0,88.0,88.0,0.0,0.0,0.0,1.0,0.0
1.0,10167.0,2.0,2.0,0.0,0.0,0.0,3.0,3.0,121.0,2900.0,29.0,1.0,2013.0,3.0,7.0,0.0,1.0,13.0,2.0,US-SR 38,COOSA ST,0.0,33.15647778,-86.27037778,0.0,12.0,6.0,0.0,2.0,2.0,0.0,1.0,1.0,10.0,0.0,10.0,0.0,0000000,99.0,99.0,7.0,13.0,88.0,88.0,0.0,0.0,0.0,1.0,0.0
1.0,10168.0,1.0,1.0,0.0,0.0,0.0,1.0,1.0,111.0,0.0,10.0,3.0,2013.0,1.0,16.0,20.0,0.0,5.0,4.0,CR-65,,0.0,33.28132778,-85.33188056,0.0,34.0,0.0,0.0,1.0,1.0,0.0,4.0,1.0,1.0,0.0,1.0,0.0,0000000,99.0,99.0,16.0,40.0,99.0,99.0,0.0,0.0,0.0,1.0,0.0
1.0,10169.0,2.0,2.0,0.0,0.0,0.0,2.0,2.0,131.0,0.0,25.0,3.0,2013.0,2.0,13.0,0.0,0.0,3.0,3.0,SR-21,,938.0,31.99367222,-86.92472778,0.0,12.0,1.0,0.0,1.0,1.0,2.0,1.0,1.0,1.0,0.0,1.0,0.0,0000000,99.0,99.0,13.0,30.0,88.0,88.0,0.0,0.0,0.0,1.0,0.0
1.0,10170.0,1.0,1.0,0.0,0.0,0.0,3.0,3.0,65.0,0.0,26.0,3.0,2013.0,3.0,17.0,45.0,0.0,3.0,3.0,SR-69,,1058.0,32.68078611,-87.62340556,0.0,42.0,0.0,0.0,1.0,1.0,0.0,4.0,1.0,1.0,0.0,1.0,0.0,0000000,99.0,99.0,18.0,10.0,99.0,99.0,0.0,0.0,0.0,1.0,0.0
1.0,10171.0,1.0,1.0,0.0,0.0,0.0,2.0,2.0,115.0,2410.0,26.0,3.0,2013.0,3.0,13.0,40.0,0.0,14.0,2.0,US-SR 53,,0.0,33.51652222,-86.30165833,0.0,42.0,0.0,0.0,1.0,1.0,0.0,4.0,1.0,10.0,0.0,10.0,0.0,0000000,99.0,99.0,13.0,45.0,99.0,99.0,0.0,0.0,0.0,1.0,0.0
1.0,10172.0,4.0,3.0,1.0,0.0,0.0,3.0,3.0,39.0,0.0,28.0,3.0,2013.0,5.0,21.0,40.0,0.0,3.0,3.0,SR-55,,455.0,31.49251389,-86.68685833,0.0,12.0,2.0,0.0,1.0,1.0,0.0,1.0,2.0,1.0,0.0,1.0,0.0,0000000,99.0,99.0,22.0,7.0,99.0,99.0,19.0,0.0,0.0,1.0,0.0
1.0,10173.0,2.0,2.0,0.0,0.0,0.0,6.0,6.0,1.0,0.0,30.0,3.0,2013.0,7.0,12.0,30.0,1.0,1.0,1.0,I-65,,1975.0,32.70248611,-86.52191111,0.0,12.0,9.0,0.0,1.0,1.0,0.0,1.0,1.0,1.0,0.0,1.0,0.0,0000000,99.0,99.0,12.0,40.0,99.0,99.0,0.0,0.0,0.0,1.0,0.0
1.0,10174.0,2.0,2.0,0.0,0.0,0.0,2.0,2.0,31.0,1030.0,29.0,3.0,2013.0,6.0,8.0,48.0,1.0,2.0,2.0,US-SR 12,,0.0,31.334075,-85.84901389,0.0,12.0,7.0,0.0,1.0,1.0,0.0,1.0,1.0,1.0,0.0,1.0,0.0,0000000,99.0,99.0,8.0,57.0,88.0,88.0,0.0,0.0,0.0,1.0,0.0
1.0,10175.0,2.0,2.0,0.0,0.0,0.0,11.0,11.0,3.0,2355.0,1.0,4.0,2013.0,2.0,16.0,28.0,0.0,13.0,3.0,SR-182,,145.0,30.27667778,-87.55840833,0.0,12.0,2.0,0.0,1.0,1.0,0.0,1.0,1.0,1.0,0.0,1.0,0.0,0000000,99.0,99.0,16.0,32.0,99.0,99.0,0.0,0.0,0.0,1.0,0.0
1.0,10176.0,2.0,2.0,0.0,0.0,0.0,3.0,3.0,73.0,350.0,2.0,4.0,2013.0,3.0,17.0,30.0,1.0,13.0,6.0,VENICE ROAD,LAKESHORE PKWY,0.0,33.424875,-86.886975,0.0,12.0,6.0,0.0,2.0,2.0,0.0,1.0,1.0,1.0,0.0,1.0,0.0,0000000,99.0,99.0,17.0,42.0,88.0,88.0,0.0,0.0,0.0,1.0,0.0
1.0,10177.0,2.0,2.0,0.0,0.0,0.0,2.0,2.0,35.0,0.0,4.0,4.0,2013.0,5.0,7.0,30.0,0.0,4.0,4.0,CR-6,,0.0,31.27234722,-86.84570556,0.0,12.0,2.0,0.0,1.0,1.0,0.0,1.0,1.0,2.0,0.0,2.0,0.0,0000000,99.0,99.0,7.0,40.0,88.0,88.0,0.0,0.0,0.0,2.0,0.0
1.0,10178.0,2.0,2.0,0.0,0.0,0.0,2.0,2.0,23.0,0.0,5.0,4.0,2013.0,6.0,12.0,0.0,1.0,2.0,2.0,US-SR 12,,39.0,31.77225278,-88.40376944,0.0,12.0,6.0,0.0,1.0,1.0,0.0,1.0,1.0,1.0,0.0,1.0,0.0,0000000,99.0,99.0,12.0,15.0,88.0,88.0,0.0,0.0,0.0,1.0,0.0
1.0,10179.0,4.0,4.0,0.0,0.0,0.0,6.0,6.0,9.0,0.0,5.0,4.0,2013.0,6.0,14.0,0.0,0.0,3.0,3.0,SR-75,,358.0,34.02597222,-86.45036944,0.0,12.0,8.0,0.0,1.0,1.0,0.0,1.0,1.0,1.0,0.0,1.0,0.0,0000000,99.0,99.0,14.0,10.0,99.0,99.0,0.0,0.0,0.0,2.0,0.0
1.0,10180.0,1.0,1.0,0.0,0.0,0.0,1.0,1.0,41.0,2700.0,5.0,4.0,2013.0,6.0,8.0,30.0,1.0,2.0,2.0,US-SR 9,,561.0,31.73498611,-86.28727778,0.0,42.0,0.0,0.0,1.0,1.0,0.0,4.0,1.0,10.0,0.0,10.0,0.0,0000000,99.0,99.0,8.0,40.0,88.0,88.0,0.0,0.0,0.0,1.0,0.0
1.0,10181.0,3.0,3.0,0.0,0.0,0.0,4.0,4.0,97.0,0.0,6.0,4.0,2013.0,7.0,15.0,45.0,0.0,15.0,3.0,SR-193,,95.0,30.39198889,-88.10948333,0.0,12.0,6.0,0.0,1.0,1.0,0.0,1.0,1.0,1.0,0.0,1.0,0.0,0000000,99.0,99.0,16.0,0.0,99.0,99.0,0.0,0.0,0.0,1.0,0.0
1.0,10182.0,1.0,1.0,0.0,0.0,0.0,1.0,1.0,113.0,0.0,6.0,4.0,2013.0,7.0,4.0,48.0,1.0,2.0,2.0,US-SR 8,,2066.0,32.46081944,-85.17331667,0.0,1.0,0.0,0.0,1.0,1.0,0.0,1.0,2.0,1.0,0.0,1.0,0.0,0000000,99.0,99.0,5.0,1.0,88.0,88.0,0.0,0.0,0.0,1.0,0.0
1.0,10183.0,2.0,2.0,0.0,0.0,0.0,3.0,3.0,9.0,0.0,6.0,4.0,2013.0,7.0,21.0,30.0,0.0,6.0,4.0,CR-39,,0.0,34.01160278,-86.38996667,0.0,12.0,2.0,0.0,1.0,1.0,0.0,1.0,2.0,1.0,0.0,1.0,0.0,0000000,99.0,99.0,21.0,40.0,99.0,99.0,0.0,0.0,0.0,2.0,0.0
1.0,10184.0,1.0,1.0,0.0,0.0,0.0,1.0,1.0,49.0,0.0,6.0,4.0,2013.0,7.0,4.0,30.0,0.0,4.0,4.0,CR-83,,0.0,34.319975,-85.81860556,0.0,23.0,0.0,0.0,1.0,1.0,0.0,4.0,2.0,1.0,0.0,1.0,0.0,0000000,99.0,99.0,7.0,31.0,88.0,88.0,0.0,0.0,0.0,1.0,1.0
1.0,10185.0,1.0,1.0,0.0,0.0,0.0,1.0,1.0,117.0,0.0,6.0,4.0,2013.0,7.0,18.0,50.0,0.0,4.0,4.0,CR-55,,0.0,33.23005833,-86.56615,0.0,42.0,0.0,0.0,1.0,1.0,0.0,4.0,1.0,1.0,0.0,1.0,0.0,0000000,99.0,99.0,18.0,57.0,88.0,88.0,0.0,0.0,0.0,1.0,0.0
1.0,10186.0,2.0,2.0,0.0,0.0,0.0,2.0,2.0,83.0,0.0,7.0,4.0,2013.0,1.0,19.0,15.0,1.0,1.0,1.0,I-65,,3629.0,34.946725,-86.89428611,0.0,12.0,1.0,0.0,1.0,1.0,0.0,1.0,2.0,1.0,0.0,1.0,0.0,0000000,99.0,99.0,19.0,34.0,88.0,88.0,0.0,0.0,0.0,1.0,0.0