STATE,ST_CASE,VE_TOTAL,VE_FORMS,PVH_INVL,PEDS,PERNOTMVIT,PERMVIT,PERSONS,COUNTY,CITY,DAY,MONTH,YEAR,DAY_WEEK,HOUR,MINUTE,NHS,ROAD_FNC,ROUTE,TWAY_ID,TWAY_ID2,MILEPT,LATITUDE,LONGITUD,SP_JUR,HARM_EV,MAN_COLL,RELJCT1,RELJCT2,TYP_INT,WRK_ZONE,REL_ROAD,LGT_COND,WEATHER1,WEATHER2,WEATHER,SCH_BUS,RAIL,NOT_HOUR,NOT_MIN,ARR_HOUR,ARR_MIN,HOSP_HR,HOSP_MN,CF1,CF2,CF3,FATALS,DRUNK_DR
1.0,10187.0,1.0,1.0,0.0,1.0,1.0,1.0,1.0,97.0,2100.0,7.0,4.0,2013.0,1.0,0.0,8.0,0.0,15.0,6.0,I65 SERVICE ROAD S,,0.0,30.67593611,-88.13163611,0.0,8.0,0.0,0.0,1.0,1.0,0.0,1.0,3.0,1.0,0.0,1.0,0.0,0000000,99.0,99.0,0.0,18.0,88.0,88.0,0.0,0.0,0.0,1.0,0.0
1.0,10188.0,2.0,2.0,0.0,0.0,0.0,3.0,3.0,25.0,0.0,8.0,4.0,2013.0,2.0,7.0,40.0,0.0,4.0,4.0,CR-48,,0.0,31.97134444,-87.88379167,0.0,12.0,2.0,0.0,1.0,1.0,0.0,1.0,1.0,5.0,0.0,5.0,0.0,0000000,99.0,99.0,8.0,8.0,99.0,99.0,0.0,0.0,0.0,1.0,0.0
1.0,10189.0,1.0,1.0,0.0,0.0,0.0,1.0,1.0,127.0,0.0,12.0,4.0,2013.0,6.0,14.0,35.0,1.0,1.0,1.0,I-22,,650.0,33.79663333,-87.24533889,0.0,1.0,0.0,0.0,1.0,1.0,0.0,4.0,1.0,1.0,0.0,1.0,0.0,0000000,99.0,99.0,14.0,45.0,88.0,88.0,0.0,0.0,0.0,1.0,0.0
1.0,10190.0,1.0,1.0,0.0,0.0,0.0,2.0,2.0,65.0,0.0,12.0,4.0,2013.0,6.0,16.0,10.0,0.0,6.0,4.0,CR-KINGFISHER RD,,0.0,32.73699444,-87.61059444,0.0,42.0,0.0,0.0,1.0,1.0,0.0,4.0,1.0,1.0,0.0,1.0,0.0,0000000,99.0,99.0,17.0,0.0,99.0,99.0,0.0,0.0,0.0,1.0,0.0
1.0,10191.0,2.0,2.0,0.0,0.0,0.0,2.0,2.0,125.0,3050.0,12.0,4.0,2013.0,6.0,12.0,41.0,1.0,13.0,2.0,US-SR 7,PRIVATE DRIVEWAY W/ SIGNS,99998.0,33.16991111,-87.49683056,0.0,12.0,6.0,0.0,3.0,3.0,0.0,1.0,1.0,1.0,0.0,1.0,0.0,0000000,99.0,99.0,12.0,44.0,99.0,99.0,0.0,0.0,0.0,1.0,0.0
1.0,10192.0,1.0,1.0,0.0,0.0,0.0,1.0,1.0,89.0,1730.0,13.0,4.0,2013.0,7.0,16.0,27.0,1.0,13.0,2.0,US-SR 53,,3300.0,34.71517778,-86.54578889,0.0,24.0,0.0,0.0,1.0,1.0,0.0,4.0,1.0,1.0,0.0,1.0,0.0,0000000,99.0,99.0,16.0,34.0,88.0,88.0,0.0,0.0,0.0,1.0,0.0
1.0,10193.0,1.0,1.0,0.0,0.0,0.0,2.0,2.0,1.0,0.0,15.0,4.0,2013.0,2.0,3.0,15.0,1.0,2.0,2.0,US-SR 6,,1360.0,32.48795278,-86.54148333,0.0,34.0,0.0,0.0,1.0,1.0,0.0,4.0,2.0,2.0,0.0,2.0,0.0,0000000,99.0,99.0,4.0,45.0,99.0,99.0,0.0,0.0,0.0,1.0,0.0
1.0,10194.0,1.0,1.0,0.0,0.0,0.0,1.0,1.0,89.0,1730.0,16.0,4.0,2013.0,3.0,14.0,14.0,1.0,12.0,2.0,US-SR 53,MARTIN ROAD,3130.0,34.67236944,-86.57478333,0.0,1.0,0.0,1.0,5.0,1.0,0.0,4.0,1.0,10.0,0.0,10.0,0.0,0000000,99.0,99.0,14.0,36.0,88.0,88.0,0.0,0.0,0.0,1.0,0.0
1.0,10195.0,1.0,1.0,0.0,0.0,0.0,1.0,1.0,55.0,1280.0,18.0,4.0,2013.0,5.0,10.0,38.0,1.0,13.0,2.0,US-SR 1,,0.0,33.98453333,-85.9627,0.0,30.0,0.0,0.0,1.0,1.0,0.0,4.0,1.0,1.0,0.0,1.0,0.0,0000000,99.0,99.0,10.0,45.0,88.0,88.0,20.0,0.0,0.0,1.0,0.0
1.0,10196.0,1.0,1.0,0.0,0.0,0.0,1.0,1.0,51.0,2940.0,1.0,4.0,2013.0,2.0,12.0,14.0,0.0,3.0,3.0,SR-14,,1871.0,32.57476667,-85.95537778,0.0,42.0,0.0,0.0,1.0,1.0,0.0,4.0,1.0,1.0,0.0,1.0,0.0,0000000,99.0,99.0,12.0,24.0,99.0,99.0,0.0,0.0,0.0,1.0,0.0
1.0,10197.0,2.0,2.0,0.0,0.0,0.0,4.0,4.0,123.0,60.0,5.0,4.0,2013.0,6.0,23.0,4.0,0.0,14.0,3.0,SR-63,DOBBS RD,330.0,32.97231389,-85.934775,0.0,12.0,6.0,0.0,2.0,2.0,0.0,1.0,3.0,1.0,0.0,1.0,0.0,0000000,99.0,99.0,23.0,11.0,99.0,99.0,0.0,0.0,0.0,2.0,1.0
1.0,10198.0,1.0,1.0,0.0,0.0,0.0,3.0,3.0,97.0,2100.0,5.0,4.0,2013.0,6.0,3.0,0.0,0.0,14.0,3.0,SR-163,,0.0,30.66431389,-88.08771667,0.0,30.0,0.0,0.0,1.0,1.0,0.0,4.0,3.0,1.0,0.0,1.0,0.0,0000000,99.0,99.0,3.0,5.0,99.0,99.0,0.0,0.0,0.0,1.0,0.0
1.0,10199.0,2.0,2.0,0.0,0.0,0.0,3.0,3.0,55.0,1280.0,8.0,4.0,2013.0,2.0,17.0,2.0,1.0,13.0,2.0,US-SR 1,5TH ST N,0.0,34.00878056,-85.98561667,0.0,12.0,1.0,0.0,3.0,98.0,0.0,1.0,1.0,1.0,0.0,1.0,0.0,0000000,99.0,99.0,17.0,7.0,88.0,88.0,0.0,0.0,0.0,1.0,0.0
1.0,10200.0,2.0,2.0,0.0,0.0,0.0,3.0,3.0,35.0,1080.0,11.0,4.0,2013.0,5.0,4.0,20.0,1.0,2.0,2.0,US-SR 12,,962.0,31.42024444,-87.03880556,0.0,12.0,6.0,0.0,8.0,1.0,0.0,1.0,2.0,10.0,0.0,10.0,0.0,0000000,99.0,99.0,4.0,28.0,88.0,88.0,0.0,0.0,0.0,1.0,0.0
1.0,10201.0,1.0,1.0,0.0,0.0,0.0,6.0,6.0,105.0,2020.0,12.0,2.0,2013.0,3.0,18.0,45.0,0.0,3.0,3.0,SR-14,HWY 183,900.0,32.63922778,-87.29569167,0.0,1.0,0.0,0.0,1.0,1.0,0.0,4.0,3.0,2.0,0.0,2.0,0.0,0000000,99.0,99.0,19.0,10.0,88.0,88.0,0.0,0.0,0.0,1.0,0.0
1.0,10202.0,1.0,1.0,0.0,0.0,0.0,1.0,1.0,73.0,350.0,21.0,2.0,2013.0,5.0,12.0,22.0,1.0,11.0,1.0,I-59,,1340.0,33.58694444,-86.6927,0.0,24.0,0.0,1.0,19.0,1.0,0.0,4.0,1.0,1.0,0.0,1.0,0.0,0000000,99.0,99.0,12.0,31.0,88.0,88.0,0.0,0.0,0.0,1.0,0.0
1.0,10203.0,1.0,1.0,0.0,1.0,1.0,1.0,1.0,95.0,0.0,16.0,3.0,2013.0,7.0,19.0,30.0,0.0,3.0,3.0,SR-79,,761.0,34.47775278,-86.21788333,0.0,8.0,0.0,0.0,1.0,1.0,0.0,1.0,2.0,1.0,0.0,1.0,0.0,0000000,88.0,88.0,88.0,88.0,88.0,88.0,0.0,0.0,0.0,1.0,1.0
1.0,10204.0,2.0,2.0,0.0,0.0,0.0,6.0,6.0,95.0,50.0,6.0,4.0,2013.0,7.0,12.0,47.0,1.0,13.0,3.0,SR-205,,77.0,34.25423333,-86.19460556,0.0,12.0,2.0,0.0,1.0,1.0,0.0,1.0,1.0,1.0,0.0,1.0,0.0,0000000,99.0,99.0,12.0,57.0,99.0,99.0,0.0,0.0,0.0,2.0,0.0
1.0,10205.0,2.0,2.0,0.0,1.0,1.0,2.0,2.0,73.0,350.0,18.0,4.0,2013.0,5.0,4.0,5.0,1.0,11.0,1.0,I-65,,2631.0,33.55285278,-86.83069167,0.0,8.0,0.0,0.0,1.0,1.0,4.0,1.0,2.0,10.0,0.0,10.0,0.0,0000000,99.0,99.0,4.0,10.0,88.0,88.0,0.0,0.0,0.0,2.0,0.0
1.0,10206.0,1.0,1.0,0.0,0.0,0.0,5.0,5.0,109.0,0.0,3.0,4.0,2013.0,4.0,16.0,30.0,0.0,4.0,4.0,CR-3304,,0.0,31.74143333,-85.901775,0.0,42.0,0.0,0.0,1.0,1.0,0.0,4.0,1.0,1.0,0.0,1.0,0.0,0000000,99.0,99.0,16.0,55.0,99.0,99.0,0.0,0.0,0.0,2.0,0.0
1.0,10207.0,2.0,2.0,0.0,0.0,0.0,4.0,4.0,79.0,0.0,30.0,4.0,2013.0,3.0,7.0,40.0,1.0,2.0,3.0,SR-157,,492.0,34.58818333,-87.42297778,0.0,12.0,6.0,0.0,8.0,1.0,0.0,1.0,1.0,1.0,0.0,1.0,0.0,0000000,99.0,99.0,8.0,15.0,99.0,99.0,0.0,0.0,0.0,1.0,0.0
1.0,10208.0,1.0,1.0,0.0,0.0,0.0,1.0,1.0,11.0,0.0,6.0,4.0,2013.0,7.0,22.0,0.0,0.0,4.0,4.0,CR-22,,0.0,32.09250556,-85.77029444,0.0,1.0,0.0,0.0,1.0,1.0,0.0,4.0,2.0,1.0,0.0,1.0,0.0,0000000,88.0,88.0,88.0,88.0,88.0,88.0,0.0,0.0,0.0,1.0,1.0
1.0,10209.0,3.0,3.0,0.0,0.0,0.0,3.0,3.0,71.0,0.0,8.0,4.0,2013.0,2.0,12.0,55.0,0.0,3.0,3.0,SR-40,,57.0,34.63086944,-85.89591389,0.0,12.0,6.0,0.0,1.0,1.0,0.0,1.0,1.0,10.0,0.0,10.0,0.0,0000000,99.0,99.0,13.0,5.0,88.0,88.0,0.0,0.0,0.0,1.0,0.0
1.0,10210.0,1.0,1.0,0.0,0.0,0.0,1.0,1.0,73.0,350.0,13.0,4.0,2013.0,7.0,21.0,21.0,0.0,14.0,6.0,RAJ BLVD,,0.0,33.54022778,-86.77568889,0.0,30.0,0.0,0.0,1.0,1.0,0.0,4.0,1.0,1.0,0.0,1.0,0.0,0000000,99.0,99.0,21.0,40.0,99.0,99.0,0.0,0.0,0.0,1.0,0.0
1.0,10211.0,1.0,1.0,0.0,0.0,0.0,2.0,2.0,21.0,0.0,14.0,4.0,2013.0,1.0,12.0,20.0,0.0,3.0,2.0,US-SR 3,,2106.0,32.73898889,-86.49149444,0.0,42.0,0.0,0.0,1.0,1.0,0.0,4.0,1.0,2.0,0.0,2.0,0.0,0000000,99.0,99.0,12.0,35.0,99.0,99.0,0.0,0.0,0.0,1.0,0.0
1.0,10212.0,4.0,4.0,0.0,0.0,0.0,5.0,5.0,73.0,350.0,2.0,4.0,2013.0,3.0,16.0,0.0,1.0,11.0,1.0,I-59,,1343.0,33.54881667,-86.74765556,0.0,12.0,2.0,0.0,1.0,1.0,0.0,1.0,1.0,1.0,0.0,1.0,0.0,0000000,99.0,99.0,16.0,7.0,99.0,99.0,14.0,0.0,0.0,1.0,0.0
1.0,10213.0,2.0,2.0,0.0,1.0,1.0,1.0,1.0,3.0,0.0,14.0,4.0,2013.0,1.0,0.0,45.0,1.0,1.0,1.0,I-10,,335.0,30.65925278,-87.94006667,0.0,8.0,0.0,0.0,1.0,1.0,0.0,1.0,3.0,10.0,0.0,10.0,0.0,0000000,99.0,99.0,0.0,55.0,88.0,88.0,19.0,0.0,0.0,1.0,0.0
1.0,10214.0,2.0,2.0,0.0,0.0,0.0,7.0,7.0,59.0,0.0,14.0,4.0,2013.0,1.0,15.0,8.0,1.0,2.0,2.0,US-SR 13,CR-60,2990.0,34.55210556,-87.69346389,0.0,12.0,6.0,0.0,2.0,2.0,0.0,1.0,1.0,10.0,0.0,10.0,0.0,0000000,99.0,99.0,15.0,19.0,99.0,99.0,0.0,0.0,0.0,1.0,0.0
1.0,10215.0,1.0,1.0,0.0,0.0,0.0,2.0,2.0,83.0,0.0,14.0,4.0,2013.0,1.0,14.0,20.0,1.0,1.0,1.0,I-65,,3633.0,34.95046389,-86.89311389,0.0,34.0,0.0,0.0,1.0,1.0,0.0,4.0,1.0,10.0,0.0,10.0,0.0,0000000,99.0,99.0,14.0,30.0,99.0,99.0,0.0,0.0,0.0,1.0,0.0
1.0,10216.0,2.0,2.0,0.0,0.0,0.0,3.0,3.0,101.0,2130.0,15.0,4.0,2013.0,2.0,7.0,29.0,1.0,13.0,6.0,EASTERN BLVD,,0.0,32.3857,-86.21036111,0.0,12.0,6.0,0.0,1.0,1.0,0.0,1.0,1.0,10.0,0.0,10.0,0.0,0000000,99.0,99.0,7.0,35.0,99.0,99.0,0.0,0.0,0.0,1.0,0.0
1.0,10217.0,1.0,1.0,0.0,1.0,1.0,3.0,3.0,117.0,0.0,17.0,4.0,2013.0,4.0,16.0,25.0,0.0,3.0,3.0,SR-25,,1243.0,33.1423,-86.68508889,0.0,8.0,0.0,0.0,1.0,1.0,0.0,1.0,1.0,1.0,0.0,1.0,0.0,0000000,99.0,99.0,16.0,37.0,99.0,99.0,0.0,0.0,0.0,1.0,0.0
1.0,10218.0,1.0,1.0,0.0,0.0,0.0,1.0,1.0,49.0,0.0,18.0,4.0,2013.0,5.0,11.0,0.0,0.0,3.0,3.0,SR-68,,159.0,34.28965556,-85.92465,0.0,42.0,0.0,0.0,1.0,1.0,0.0,4.0,1.0,1.0,0.0,1.0,0.0,0000000,99.0,99.0,11.0,10.0,88.0,88.0,0.0,0.0,0.0,1.0,0.0
1.0,10219.0,1.0,1.0,0.0,0.0,0.0,1.0,1.0,97.0,0.0,18.0,4.0,2013.0,5.0,0.0,3.0,0.0,14.0,4.0,CR-OLD PASCAGOULA RD,,0.0,30.55712222,-88.232975,0.0,34.0,0.0,0.0,1.0,1.0,0.0,4.0,2.0,1.0,0.0,1.0,0.0,0000000,99.0,99.0,0.0,18.0,88.0,88.0,0.0,0.0,0.0,1.0,1.0
1.0,10220.0,1.0,1.0,0.0,1.0,1.0,1.0,1.0,115.0,0.0,16.0,4.0,2013.0,3.0,8.0,37.0,1.0,1.0,1.0,I-20,,1471.0,33.57869167,-86.46373611,0.0,8.0,0.0,0.0,1.0,1.0,0.0,1.0,1.0,10.0,0.0,10.0,0.0,0000000,99.0,99.0,8.0,50.0,88.0,88.0,19.0,15.0,0.0,1.0,0.0
1.0,10221.0,1.0,1.0,0.0,0.0,0.0,3.0,3.0,87.0,0.0,19.0,4.0,2013.0,6.0,23.0,35.0,0.0,4.0,4.0,CR-13,,0.0,32.36384722,-85.84682222,0.0,30.0,0.0,0.0,1.0,1.0,0.0,4.0,2.0,1.0,0.0,1.0,0.0,0000000,99.0,99.0,23.0,53.0,88.0,88.0,0.0,0.0,0.0,1.0,1.0
1.0,10222.0,1.0,1.0,0.0,1.0,1.0,0.0,0.0,125.0,0.0,19.0,4.0,2013.0,6.0,7.0,25.0,1.0,1.0,1.0,I-59,,776.0,33.17198611,-87.44659722,0.0,8.0,0.0,1.0,5.0,1.0,0.0,2.0,1.0,2.0,0.0,2.0,0.0,0000000,99.0,99.0,7.0,48.0,88.0,88.0,0.0,0.0,0.0,1.0,0.0
1.0,10223.0,1.0,1.0,0.0,0.0,0.0,3.0,3.0,53.0,0.0,19.0,4.0,2013.0,6.0,7.0,41.0,0.0,3.0,3.0,SR-41,,128.0,31.14072222,-87.12474444,0.0,30.0,0.0,0.0,1.0,1.0,0.0,4.0,1.0,2.0,0.0,2.0,0.0,0000000,99.0,99.0,7.0,53.0,99.0,99.0,0.0,0.0,0.0,1.0,0.0
1.0,10224.0,1.0,1.0,0.0,0.0,0.0,1.0,1.0,33.0,0.0,20.0,4.0,2013.0,7.0,10.0,5.0,0.0,4.0,4.0,CR-RIVER ROAD,,0.0,34.78562222,-87.52295278,0.0,59.0,0.0,0.0,1.0,1.0,0.0,4.0,1.0,1.0,0.0,1.0,0.0,0000000,99.0,99.0,10.0,29.0,99.0,99.0,0.0,0.0,0.0,1.0,0.0
1.0,10225.0,1.0,1.0,0.0,0.0,0.0,1.0,1.0,3.0,0.0,20.0,4.0,2013.0,7.0,20.0,45.0,0.0,3.0,4.0,CR-24,,0.0,30.43599444,-87.704325,0.0,30.0,0.0,0.0,1.0,1.0,0.0,4.0,2.0,1.0,0.0,1.0,0.0,0000000,99.0,99.0,20.0,55.0,99.0,99.0,0.0,0.0,0.0,1.0,1.0
1.0,10226.0,1.0,1.0,0.0,0.0,0.0,1.0,1.0,23.0,0.0,21.0,4.0,2013.0,1.0,5.0,50.0,0.0,4.0,4.0,CR-PLEASANT HILL ROAD,,0.0,32.01233611,-88.26784722,0.0,35.0,0.0,0.0,1.0,1.0,0.0,4.0,4.0,1.0,0.0,1.0,0.0,0000000,99.0,99.0,6.0,15.0,88.0,88.0,0.0,0.0,0.0,1.0,1.0
1.0,10227.0,2.0,2.0,0.0,0.0,0.0,2.0,2.0,73.0,0.0,23.0,4.0,2013.0,3.0,20.0,50.0,1.0,11.0,1.0,I-459,,170.0,33.40492222,-86.76723333,0.0,12.0,7.0,0.0,1.0,1.0,0.0,1.0,2.0,1.0,0.0,1.0,0.0,0000000,99.0,99.0,20.0,58.0,99.0,99.0,0.0,0.0,0.0,1.0,0.0
1.0,10228.0,2.0,2.0,0.0,0.0,0.0,2.0,2.0,103.0,0.0,23.0,4.0,2013.0,3.0,22.0,0.0,0.0,5.0,4.0,CR-VAUGHN BRIDGE RD,,0.0,34.46126111,-86.97245,0.0,12.0,2.0,0.0,1.0,1.0,0.0,1.0,2.0,1.0,0.0,1.0,0.0,0000000,88.0,88.0,88.0,88.0,88.0,88.0,0.0,0.0,0.0,1.0,1.0
1.0,10229.0,3.0,3.0,0.0,0.0,0.0,4.0,4.0,69.0,930.0,23.0,4.0,2013.0,3.0,19.0,8.0,1.0,13.0,2.0,US-SR 210,,0.0,31.22601389,-85.43236111,0.0,12.0,2.0,0.0,1.0,1.0,0.0,1.0,1.0,1.0,0.0,1.0,0.0,0000000,99.0,99.0,19.0,11.0,99.0,99.0,0.0,0.0,0.0,1.0,0.0
1.0,10230.0,1.0,1.0,0.0,0.0,0.0,1.0,1.0,69.0,0.0,24.0,4.0,2013.0,4.0,15.0,45.0,0.0,6.0,4.0,CR-PLEASANT GROVE RD,,0.0,31.17515,-85.21163333,0.0,10.0,0.0,0.0,6.0,1.0,0.0,1.0,1.0,10.0,0.0,10.0,0.0,637858G,99.0,99.0,16.0,0.0,99.0,99.0,0.0,0.0,0.0,1.0,0.0
1.0,10231.0,1.0,1.0,0.0,0.0,0.0,2.0,2.0,19.0,0.0,24.0,4.0,2013.0,4.0,23.0,45.0,1.0,2.0,3.0,SR-35,,82.0,34.34294444,-85.57193056,0.0,34.0,0.0,0.0,1.0,1.0,0.0,4.0,2.0,10.0,0.0,10.0,0.0,0000000,99.0,99.0,23.0,52.0,99.0,99.0,0.0,0.0,0.0,1.0,0.0
1.0,10232.0,2.0,2.0,0.0,0.0,0.0,3.0,3.0,45.0,2380.0,25.0,4.0,2013.0,5.0,15.0,50.0,1.0,13.0,2.0,US-SR 53,CLAYBANK AVE,420.0,31.434475,-85.63308889,0.0,12.0,6.0,0.0,2.0,2.0,0.0,1.0,1.0,1.0,0.0,1.0,0.0,0000000,99.0,99.0,15.0,56.0,99.0,99.0,0.0,0.0,0.0,1.0,2.0
1.0,10233.0,1.0,1.0,0.0,0.0,0.0,1.0,1.0,77.0,0.0,25.0,4.0,2013.0,5.0,23.0,45.0,0.0,6.0,4.0,CR-55,,0.0,34.86603889,-87.31297778,0.0,59.0,0.0,0.0,1.0,1.0,0.0,4.0,2.0,1.0,0.0,1.0,0.0,0000000,99.0,99.0,23.0,55.0,88.0,88.0,0.0,0.0,0.0,1.0,0.0
1.0,10234.0,1.0,1.0,0.0,1.0,1.0,1.0,1.0,97.0,2100.0,27.0,4.0,2013.0,7.0,23.0,46.0,0.0,16.0,6.0,ST FRANCIS ST,SPRING HILL AVE,0.0,30.68922222,-88.05274167,0.0,9.0,0.0,0.0,3.0,2.0,0.0,1.0,3.0,1.0,0.0,1.0,0.0,0000000,99.0,99.0,23.0,52.0,88.0,88.0,0.0,0.0,0.0,1.0,1.0
1.0,10235.0,2.0,2.0,0.0,0.0,0.0,2.0,2.0,97.0,2100.0,28.0,4.0,2013.0,1.0,0.0,5.0,1.0,11.0,1.0,I-165,,24.0,30.72342778,-88.06772222,0.0,12.0,99.0,0.0,1.0,1.0,0.0,1.0,3.0,10.0,0.0,10.0,0.0,0000000,99.0,99.0,0.0,8.0,99.0,99.0,0.0,0.0,0.0,1.0,0.0
1.0,10236.0,2.0,2.0,0.0,0.0,0.0,3.0,3.0,73.0,350.0,28.0,4.0,2013.0,1.0,15.0,15.0,1.0,11.0,1.0,I-59,,1350.0,33.58569722,-86.67973889,0.0,12.0,6.0,0.0,1.0,1.0,0.0,1.0,1.0,2.0,0.0,2.0,0.0,0000000,99.0,99.0,15.0,20.0,99.0,99.0,0.0,0.0,0.0,1.0,0.0
1.0,10237.0,1.0,1.0,0.0,0.0,0.0,1.0,1.0,103.0,890.0,29.0,4.0,2013.0,2.0,9.0,45.0,0.0,16.0,6.0,CHENAULT DR,,0.0,34.579075,-86.97378333,0.0,19.0,0.0,0.0,1.0,1.0,0.0,4.0,1.0,10.0,0.0,10.0,0.0,0000000,99.0,99.0,9.0,50.0,99.0,99.0,0.0,0.0,0.0,1.0,0.0
1.0,10238.0,1.0,1.0,0.0,0.0,0.0,3.0,3.0,3.0,0.0,29.0,4.0,2013.0,2.0,17.0,35.0,0.0,4.0,4.0,CR-64,,0.0,30.62595,-87.65134167,0.0,38.0,0.0,0.0,1.0,1.0,0.0,4.0,1.0,2.0,0.0,2.0,0.0,0000000,99.0,99.0,17.0,45.0,99.0,99.0,0.0,0.0,0.0,1.0,0.0
1.0,10239.0,1.0,1.0,0.0,0.0,0.0,2.0,2.0,77.0,0.0,29.0,4.0,2013.0,2.0,21.0,0.0,0.0,4.0,3.0,SR-157,,733.0,34.87889444,-87.71405278,0.0,34.0,0.0,0.0,1.0,1.0,0.0,4.0,2.0,1.0,0.0,1.0,0.0,0000000,99.0,99.0,21.0,20.0,99.0,99.0,0.0,0.0,0.0,1.0,0.0
1.0,10240.0,2.0,2.0,0.0,0.0,0.0,2.0,2.0,83.0,0.0,30.0,4.0,2013.0,3.0,19.0,0.0,0.0,3.0,3.0,SR-99,EASTER FERRY RD,45.0,34.83293056,-87.01805,0.0,12.0,6.0,0.0,2.0,2.0,0.0,1.0,1.0,1.0,0.0,1.0,0.0,0000000,99.0,99.0,19.0,12.0,88.0,88.0,0.0,0.0,0.0,1.0,0.0
1.0,10241.0,2.0,2.0,0.0,0.0,0.0,4.0,4.0,57.0,0.0,6.0,5.0,2013.0,2.0,20.0,53.0,0.0,3.0,2.0,US-SR 171,,391.0,33.73264722,-87.81028889,0.0,12.0,6.0,0.0,1.0,1.0,0.0,1.0,3.0,10.0,0.0,10.0,0.0,0000000,99.0,99.0,21.0,13.0,88.0,88.0,0.0,0.0,0.0,1.0,0.0
1.0,10242.0,2.0,2.0,0.0,0.0,0.0,2.0,2.0,33.0,2190.0,9.0,5.0,2013.0,5.0,10.0,35.0,1.0,13.0,2.0,US-SR 2,GROVE AVE,0.0,34.73469722,-87.66776389,0.0,12.0,6.0,0.0,2.0,2.0,0.0,1.0,1.0,1.0,0.0,1.0,0.0,0000000,99.0,99.0,10.0,38.0,99.0,99.0,0.0,0.0,0.0,1.0,0.0
1.0,10243.0,2.0,2.0,0.0,0.0,0.0,3.0,3.0,121.0,0.0,1.0,5.0,2013.0,4.0,18.0,30.0,0.0,15.0,4.0,CR-SYLACAUGA FAYETTEVILLE HWY,,0.0,33.1593,-86.31150278,0.0,12.0,2.0,0.0,1.0,1.0,0.0,1.0,1.0,1.0,0.0,1.0,0.0,0000000,99.0,99.0,18.0,42.0,99.0,99.0,0.0,0.0,0.0,2.0,1.0
1.0,10244.0,1.0,1.0,0.0,3.0,3.0,1.0,1.0,101.0,2130.0,3.0,5.0,2013.0,6.0,1.0,4.0,1.0,13.0,6.0,ATLANTA HWY,,0.0,32.38181389,-86.22494444,0.0,8.0,0.0,0.0,1.0,1.0,0.0,1.0,3.0,1.0,0.0,1.0,0.0,0000000,99.0,99.0,1.0,7.0,99.0,99.0,0.0,0.0,0.0,1.0,0.0
1.0,10245.0,1.0,1.0,0.0,1.0,1.0,1.0,1.0,79.0,0.0,4.0,5.0,2013.0,7.0,2.0,50.0,1.0,2.0,3.0,SR-157,,540.0,34.63058333,-87.48449167,0.0,8.0,0.0,0.0,1.0,1.0,0.0,1.0,2.0,2.0,0.0,2.0,0.0,0000000,99.0,99.0,3.0,12.0,88.0,88.0,0.0,0.0,0.0,1.0,0.0
1.0,10246.0,3.0,3.0,0.0,0.0,0.0,3.0,3.0,15.0,0.0,5.0,5.0,2013.0,1.0,5.0,33.0,0.0,3.0,3.0,SR-204,,6.0,33.8565,-85.90783333,0.0,12.0,2.0,0.0,1.0,1.0,0.0,1.0,2.0,10.0,0.0,10.0,0.0,0000000,99.0,99.0,99.0,99.0,99.0,99.0,0.0,0.0,0.0,1.0,1.0
1.0,10247.0,1.0,1.0,0.0,0.0,0.0,1.0,1.0,77.0,0.0,6.0,5.0,2013.0,2.0,7.0,5.0,0.0,6.0,4.0,CR-5,,0.0,34.88979722,-87.89517222,0.0,34.0,0.0,0.0,1.0,1.0,0.0,4.0,1.0,2.0,0.0,2.0,0.0,0000000,88.0,88.0,88.0,88.0,88.0,88.0,0.0,0.0,0.0,1.0,0.0
1.0,10248.0,2.0,2.0,0.0,0.0,0.0,4.0,4.0,61.0,0.0,7.0,5.0,2013.0,3.0,6.0,50.0,0.0,3.0,3.0,SR-167,CR-41,124.0,31.15594444,-85.73276111,0.0,12.0,6.0,0.0,2.0,2.0,0.0,1.0,1.0,1.0,0.0,1.0,0.0,0000000,99.0,99.0,7.0,6.0,99.0,99.0,0.0,0.0,0.0,1.0,0.0