STATE,ST_CASE,VE_TOTAL,VE_FORMS,PVH_INVL,PEDS,PERNOTMVIT,PERMVIT,PERSONS,COUNTY,CITY,DAY,MONTH,YEAR,DAY_WEEK,HOUR,MINUTE,NHS,ROAD_FNC,ROUTE,TWAY_ID,TWAY_ID2,MILEPT,LATITUDE,LONGITUD,SP_JUR,HARM_EV,MAN_COLL,RELJCT1,RELJCT2,TYP_INT,WRK_ZONE,REL_ROAD,LGT_COND,WEATHER1,WEATHER2,WEATHER,SCH_BUS,RAIL,NOT_HOUR,NOT_MIN,ARR_HOUR,ARR_MIN,HOSP_HR,HOSP_MN,CF1,CF2,CF3,FATALS,DRUNK_DR
1.0,10373.0,1.0,1.0,0.0,1.0,1.0,1.0,1.0,3.0,1493.0,6.0,7.0,2013.0,7.0,21.0,11.0,1.0,2.0,3.0,SR-182,,50.0,30.250875,-87.67220833,0.0,8.0,0.0,0.0,1.0,1.0,0.0,1.0,3.0,10.0,0.0,10.0,0.0,0000000,99.0,99.0,21.0,18.0,99.0,99.0,0.0,0.0,0.0,1.0,1.0
1.0,10374.0,1.0,1.0,0.0,0.0,0.0,1.0,1.0,101.0,0.0,7.0,7.0,2013.0,1.0,2.0,0.0,0.0,4.0,4.0,CR-15,,0.0,32.25916667,-86.39126667,0.0,30.0,0.0,0.0,1.0,1.0,0.0,4.0,2.0,2.0,0.0,2.0,0.0,0000000,99.0,99.0,3.0,0.0,88.0,88.0,0.0,0.0,0.0,1.0,1.0
1.0,10375.0,1.0,1.0,0.0,0.0,0.0,1.0,1.0,93.0,0.0,8.0,7.0,2013.0,2.0,21.0,45.0,0.0,4.0,3.0,SR-19,,53.0,34.12523889,-88.12854722,0.0,35.0,0.0,0.0,1.0,1.0,0.0,4.0,2.0,1.0,0.0,1.0,0.0,0000000,99.0,99.0,21.0,54.0,88.0,88.0,0.0,0.0,0.0,1.0,0.0
1.0,10376.0,1.0,1.0,0.0,0.0,0.0,1.0,1.0,75.0,0.0,10.0,7.0,2013.0,4.0,0.0,15.0,0.0,3.0,3.0,SR-17,,2370.0,33.67281944,-88.09025833,0.0,34.0,0.0,0.0,1.0,1.0,0.0,4.0,2.0,1.0,0.0,1.0,0.0,0000000,88.0,88.0,88.0,88.0,88.0,88.0,0.0,0.0,0.0,1.0,1.0
1.0,10377.0,1.0,1.0,0.0,0.0,0.0,1.0,1.0,97.0,0.0,10.0,7.0,2013.0,4.0,22.0,0.0,0.0,3.0,4.0,CR-IRVINGTON BAYOU LA BATRE RD,,0.0,30.43050556,-88.246175,0.0,34.0,0.0,0.0,1.0,1.0,0.0,4.0,3.0,10.0,0.0,10.0,0.0,0000000,99.0,99.0,22.0,2.0,88.0,88.0,0.0,0.0,0.0,1.0,0.0
1.0,10378.0,1.0,1.0,0.0,0.0,0.0,1.0,1.0,97.0,2100.0,11.0,7.0,2013.0,5.0,9.0,56.0,1.0,11.0,1.0,I-10,I-65,201.0,30.62844722,-88.11788056,0.0,52.0,0.0,1.0,19.0,1.0,0.0,4.0,1.0,10.0,0.0,10.0,0.0,0000000,99.0,99.0,10.0,1.0,88.0,88.0,0.0,0.0,0.0,1.0,0.0
1.0,10379.0,2.0,2.0,0.0,0.0,0.0,2.0,2.0,81.0,0.0,6.0,7.0,2013.0,7.0,21.0,5.0,1.0,2.0,3.0,SR-38,HWY 147,86.0,32.67629444,-85.48632778,0.0,12.0,6.0,0.0,2.0,3.0,0.0,1.0,2.0,10.0,0.0,10.0,0.0,0000000,99.0,99.0,21.0,20.0,88.0,88.0,0.0,0.0,0.0,1.0,0.0
1.0,10380.0,2.0,2.0,0.0,0.0,0.0,2.0,2.0,97.0,865.0,25.0,6.0,2013.0,3.0,16.0,58.0,9.0,99.0,3.0,SR-193,,15.0,30.29602778,-88.13227778,0.0,12.0,2.0,0.0,1.0,1.0,0.0,1.0,1.0,1.0,0.0,1.0,0.0,0000000,99.0,99.0,17.0,0.0,99.0,99.0,0.0,0.0,0.0,1.0,0.0
1.0,10381.0,1.0,1.0,0.0,0.0,0.0,1.0,1.0,87.0,3070.0,21.0,7.0,2013.0,1.0,22.0,47.0,0.0,3.0,2.0,US-SR 8,,1747.0,32.43070278,-85.67788333,0.0,42.0,0.0,0.0,1.0,1.0,0.0,4.0,3.0,1.0,0.0,1.0,0.0,0000000,99.0,99.0,22.0,59.0,88.0,88.0,0.0,0.0,0.0,1.0,1.0
1.0,10382.0,2.0,2.0,0.0,0.0,0.0,3.0,3.0,97.0,0.0,7.0,6.0,2013.0,6.0,8.0,5.0,0.0,3.0,4.0,CR-PADGETT SWITCH RD,,0.0,30.44111944,-88.21755278,0.0,12.0,8.0,0.0,1.0,1.0,0.0,1.0,1.0,10.0,0.0,10.0,0.0,0000000,99.0,99.0,8.0,17.0,99.0,99.0,0.0,0.0,0.0,1.0,0.0
1.0,10383.0,1.0,1.0,0.0,0.0,0.0,1.0,1.0,21.0,0.0,7.0,7.0,2013.0,1.0,21.0,35.0,0.0,4.0,4.0,CR-37,,0.0,32.89047778,-86.71086944,0.0,32.0,0.0,0.0,1.0,1.0,0.0,4.0,2.0,10.0,0.0,10.0,0.0,0000000,99.0,99.0,21.0,46.0,88.0,88.0,0.0,0.0,0.0,1.0,1.0
1.0,10384.0,1.0,1.0,0.0,0.0,0.0,2.0,2.0,53.0,0.0,8.0,7.0,2013.0,2.0,18.0,20.0,1.0,2.0,2.0,US-SR 3,,760.0,31.19694722,-87.0559,0.0,1.0,0.0,0.0,1.0,1.0,0.0,1.0,1.0,10.0,0.0,10.0,0.0,0000000,99.0,99.0,18.0,21.0,99.0,99.0,0.0,0.0,0.0,1.0,1.0
1.0,10385.0,1.0,1.0,0.0,0.0,0.0,1.0,1.0,101.0,2130.0,9.0,7.0,2013.0,3.0,2.0,0.0,0.0,16.0,6.0,OLD SELMA RD,,0.0,32.36441667,-86.36324444,0.0,32.0,0.0,0.0,1.0,1.0,0.0,4.0,3.0,10.0,0.0,10.0,0.0,0000000,99.0,99.0,2.0,10.0,99.0,99.0,20.0,0.0,0.0,1.0,1.0
1.0,10386.0,1.0,1.0,0.0,0.0,0.0,1.0,1.0,121.0,2910.0,9.0,7.0,2013.0,3.0,18.0,15.0,0.0,5.0,4.0,CR-175,,0.0,33.26503889,-86.22271389,0.0,42.0,0.0,0.0,1.0,1.0,0.0,4.0,1.0,1.0,0.0,1.0,0.0,0000000,99.0,99.0,18.0,30.0,88.0,88.0,0.0,0.0,0.0,1.0,0.0
1.0,10387.0,1.0,1.0,0.0,0.0,0.0,1.0,1.0,3.0,0.0,11.0,7.0,2013.0,5.0,22.0,0.0,0.0,3.0,3.0,SR-181,,12.0,30.43905556,-87.85237222,0.0,1.0,0.0,0.0,1.0,1.0,0.0,4.0,2.0,2.0,0.0,2.0,0.0,0000000,99.0,99.0,22.0,20.0,88.0,88.0,0.0,0.0,0.0,1.0,0.0
1.0,10388.0,2.0,2.0,0.0,0.0,0.0,13.0,13.0,95.0,0.0,14.0,7.0,2013.0,1.0,14.0,30.0,1.0,2.0,2.0,US-SR 1,,3030.0,34.44102222,-86.266875,0.0,12.0,6.0,0.0,1.0,1.0,0.0,1.0,1.0,1.0,0.0,1.0,0.0,0000000,99.0,99.0,14.0,38.0,99.0,99.0,0.0,0.0,0.0,4.0,0.0
1.0,10389.0,1.0,1.0,0.0,0.0,0.0,3.0,3.0,43.0,0.0,14.0,7.0,2013.0,1.0,16.0,35.0,1.0,1.0,1.0,I-65,,2950.0,34.00245278,-86.86159722,0.0,1.0,0.0,0.0,1.0,1.0,0.0,1.0,1.0,10.0,0.0,10.0,0.0,0000000,99.0,99.0,16.0,50.0,99.0,99.0,0.0,0.0,0.0,1.0,0.0
1.0,10390.0,1.0,1.0,0.0,0.0,0.0,2.0,2.0,69.0,0.0,16.0,7.0,2013.0,3.0,6.0,30.0,1.0,2.0,2.0,US-SR 1,,52.0,31.07389444,-85.405225,0.0,52.0,0.0,0.0,1.0,1.0,0.0,4.0,1.0,1.0,0.0,1.0,0.0,0000000,99.0,99.0,6.0,49.0,99.0,99.0,0.0,0.0,0.0,2.0,0.0
1.0,10391.0,1.0,1.0,0.0,0.0,0.0,1.0,1.0,17.0,0.0,16.0,7.0,2013.0,3.0,8.0,45.0,0.0,6.0,4.0,CR-25,,0.0,32.73039722,-85.37694167,0.0,59.0,0.0,0.0,1.0,1.0,0.0,4.0,1.0,10.0,0.0,10.0,0.0,0000000,99.0,99.0,9.0,8.0,99.0,99.0,0.0,0.0,0.0,1.0,1.0
1.0,10392.0,1.0,1.0,0.0,0.0,0.0,2.0,2.0,51.0,0.0,17.0,7.0,2013.0,4.0,9.0,5.0,0.0,6.0,4.0,CR-FERN RD,,0.0,32.620325,-86.31051667,0.0,35.0,0.0,0.0,1.0,1.0,0.0,4.0,1.0,1.0,0.0,1.0,0.0,0000000,99.0,99.0,9.0,15.0,99.0,99.0,0.0,0.0,0.0,1.0,0.0
1.0,10393.0,1.0,1.0,0.0,0.0,0.0,1.0,1.0,43.0,0.0,18.0,7.0,2013.0,5.0,20.0,10.0,0.0,4.0,2.0,US-SR 3,CR-1282,3354.0,34.29311944,-86.89878056,0.0,1.0,0.0,0.0,3.0,3.0,0.0,1.0,5.0,1.0,0.0,1.0,0.0,0000000,99.0,99.0,20.0,17.0,88.0,88.0,0.0,0.0,0.0,1.0,0.0
1.0,10394.0,2.0,2.0,0.0,0.0,0.0,2.0,2.0,31.0,0.0,18.0,7.0,2013.0,5.0,23.0,20.0,0.0,3.0,3.0,SR-167,,452.0,31.57730833,-85.93142778,0.0,12.0,2.0,0.0,1.0,1.0,0.0,1.0,2.0,10.0,0.0,10.0,0.0,0000000,99.0,99.0,23.0,33.0,88.0,88.0,0.0,0.0,0.0,1.0,0.0
1.0,10395.0,1.0,1.0,0.0,0.0,0.0,1.0,1.0,73.0,330.0,19.0,7.0,2013.0,6.0,12.0,19.0,1.0,13.0,3.0,SR-150,,0.0,33.37997778,-86.92629444,0.0,42.0,0.0,0.0,1.0,1.0,0.0,4.0,1.0,1.0,0.0,1.0,0.0,0000000,99.0,99.0,12.0,27.0,88.0,88.0,0.0,0.0,0.0,1.0,0.0
1.0,10396.0,1.0,1.0,0.0,1.0,1.0,1.0,1.0,103.0,0.0,20.0,7.0,2013.0,7.0,8.0,25.0,0.0,3.0,4.0,CR-UPPER RIVER ROAD,,0.0,34.53358333,-86.82301389,0.0,9.0,0.0,0.0,1.0,1.0,0.0,1.0,1.0,1.0,0.0,1.0,0.0,0000000,99.0,99.0,8.0,40.0,88.0,88.0,0.0,0.0,0.0,1.0,0.0
1.0,10397.0,2.0,2.0,0.0,0.0,0.0,3.0,3.0,89.0,0.0,20.0,7.0,2013.0,7.0,20.0,35.0,0.0,15.0,4.0,CR-NANCE ROAD,,0.0,34.78666944,-86.73161944,0.0,12.0,2.0,0.0,1.0,1.0,0.0,1.0,2.0,1.0,0.0,1.0,0.0,0000000,99.0,99.0,20.0,40.0,99.0,99.0,0.0,0.0,0.0,1.0,0.0
1.0,10398.0,1.0,1.0,0.0,0.0,0.0,1.0,1.0,45.0,0.0,21.0,7.0,2013.0,1.0,2.0,30.0,0.0,3.0,3.0,SR-27,,545.0,31.41572778,-85.52773056,0.0,1.0,0.0,0.0,1.0,1.0,0.0,4.0,2.0,10.0,0.0,10.0,0.0,0000000,99.0,99.0,4.0,5.0,99.0,99.0,0.0,0.0,0.0,1.0,0.0
1.0,10399.0,2.0,2.0,0.0,0.0,0.0,3.0,3.0,81.0,2812.0,21.0,7.0,2013.0,1.0,22.0,4.0,1.0,13.0,2.0,US-SR 431,LEE RD 298,0.0,32.54461667,-85.0962,0.0,12.0,6.0,0.0,2.0,2.0,0.0,1.0,2.0,1.0,0.0,1.0,0.0,0000000,99.0,99.0,22.0,14.0,99.0,99.0,0.0,0.0,0.0,1.0,0.0
1.0,10400.0,2.0,2.0,0.0,0.0,0.0,4.0,4.0,97.0,0.0,22.0,7.0,2013.0,2.0,6.0,30.0,1.0,1.0,1.0,I-10,,125.0,30.56445833,-88.19603056,0.0,12.0,2.0,0.0,1.0,1.0,0.0,1.0,1.0,10.0,0.0,10.0,0.0,0000000,99.0,99.0,99.0,99.0,99.0,99.0,0.0,0.0,0.0,1.0,0.0
1.0,10401.0,1.0,1.0,0.0,0.0,0.0,1.0,1.0,79.0,0.0,22.0,7.0,2013.0,2.0,21.0,0.0,0.0,4.0,4.0,CR-314,,0.0,34.76814167,-87.39194444,0.0,32.0,0.0,0.0,1.0,1.0,0.0,4.0,2.0,1.0,0.0,1.0,0.0,0000000,99.0,99.0,21.0,20.0,88.0,88.0,0.0,0.0,0.0,1.0,1.0
1.0,10402.0,1.0,1.0,0.0,0.0,0.0,1.0,1.0,51.0,0.0,24.0,7.0,2013.0,4.0,21.0,10.0,0.0,4.0,4.0,CR-MOUNT HEBRON RD,,0.0,32.69210556,-86.080125,0.0,42.0,0.0,0.0,1.0,1.0,0.0,4.0,2.0,10.0,0.0,10.0,0.0,0000000,99.0,99.0,21.0,25.0,88.0,88.0,0.0,0.0,0.0,1.0,0.0
1.0,10403.0,1.0,1.0,0.0,0.0,0.0,1.0,1.0,45.0,2380.0,25.0,7.0,2013.0,5.0,17.0,58.0,0.0,5.0,6.0,MATTHEWS AVE,,0.0,31.448925,-85.62965,0.0,30.0,0.0,0.0,1.0,1.0,0.0,4.0,1.0,1.0,0.0,1.0,0.0,0000000,99.0,99.0,18.0,6.0,99.0,99.0,0.0,0.0,0.0,1.0,1.0
1.0,10404.0,1.0,1.0,0.0,0.0,0.0,1.0,1.0,73.0,330.0,30.0,7.0,2013.0,3.0,10.0,35.0,1.0,11.0,1.0,I-59,,1101.0,33.38366389,-86.98933611,0.0,59.0,0.0,1.0,19.0,1.0,0.0,4.0,1.0,1.0,0.0,1.0,0.0,0000000,99.0,99.0,10.0,46.0,88.0,88.0,0.0,0.0,0.0,1.0,0.0
1.0,10405.0,1.0,1.0,0.0,0.0,0.0,2.0,2.0,21.0,1790.0,5.0,8.0,2013.0,2.0,22.0,50.0,0.0,4.0,4.0,CR-42,OLD MARS HILL ROAD,0.0,32.96159444,-86.75869444,0.0,40.0,0.0,0.0,1.0,1.0,0.0,4.0,3.0,1.0,0.0,1.0,0.0,0000000,99.0,99.0,23.0,3.0,99.0,99.0,0.0,0.0,0.0,1.0,1.0
1.0,10406.0,2.0,2.0,0.0,0.0,0.0,2.0,2.0,121.0,0.0,26.0,7.0,2013.0,6.0,12.0,20.0,1.0,2.0,2.0,US-SR 38,,377.0,33.22145278,-86.31975278,0.0,12.0,6.0,0.0,8.0,1.0,0.0,1.0,1.0,1.0,0.0,1.0,0.0,0000000,99.0,99.0,12.0,27.0,88.0,88.0,0.0,0.0,0.0,1.0,0.0
1.0,10407.0,2.0,2.0,0.0,0.0,0.0,3.0,3.0,85.0,0.0,26.0,7.0,2013.0,6.0,13.0,20.0,1.0,1.0,1.0,I-65,,1466.0,32.05253333,-86.496775,0.0,12.0,1.0,0.0,1.0,1.0,0.0,1.0,1.0,1.0,0.0,1.0,0.0,0000000,99.0,99.0,14.0,0.0,99.0,99.0,0.0,0.0,0.0,1.0,1.0
1.0,10408.0,2.0,2.0,0.0,0.0,0.0,2.0,2.0,73.0,0.0,10.0,7.0,2013.0,4.0,8.0,0.0,1.0,2.0,3.0,SR-75,SWEENY HOLLOW RD,0.0,33.68201389,-86.68210833,0.0,12.0,6.0,0.0,2.0,2.0,0.0,1.0,1.0,1.0,0.0,1.0,0.0,0000000,99.0,99.0,8.0,10.0,88.0,88.0,0.0,0.0,0.0,1.0,0.0
1.0,10409.0,2.0,2.0,0.0,0.0,0.0,6.0,6.0,131.0,2490.0,13.0,8.0,2013.0,3.0,15.0,20.0,1.0,2.0,3.0,SR-5,,105.0,31.99059444,-87.57805556,0.0,12.0,6.0,0.0,1.0,1.0,0.0,1.0,1.0,2.0,0.0,2.0,0.0,0000000,99.0,99.0,15.0,44.0,99.0,99.0,0.0,0.0,0.0,1.0,0.0
1.0,10410.0,2.0,2.0,0.0,0.0,0.0,3.0,3.0,117.0,0.0,14.0,7.0,2013.0,1.0,15.0,40.0,0.0,6.0,4.0,CR-OLD BUTTERMILK ROAD,,0.0,33.14873056,-86.87399722,0.0,12.0,7.0,0.0,1.0,1.0,0.0,1.0,1.0,1.0,0.0,1.0,0.0,0000000,99.0,99.0,15.0,45.0,99.0,99.0,0.0,0.0,0.0,1.0,0.0
1.0,10411.0,1.0,1.0,0.0,0.0,0.0,6.0,6.0,53.0,0.0,22.0,7.0,2013.0,2.0,17.0,12.0,0.0,5.0,4.0,CR-55,,0.0,31.04584167,-86.99636944,0.0,30.0,0.0,0.0,1.0,1.0,0.0,4.0,1.0,10.0,0.0,10.0,0.0,0000000,99.0,99.0,17.0,40.0,99.0,99.0,0.0,0.0,0.0,1.0,1.0
1.0,10412.0,1.0,1.0,0.0,0.0,0.0,1.0,1.0,49.0,0.0,23.0,7.0,2013.0,3.0,23.0,50.0,0.0,6.0,4.0,CR-485,,0.0,34.51536389,-85.74231667,0.0,32.0,0.0,0.0,1.0,1.0,0.0,4.0,2.0,10.0,0.0,10.0,0.0,0000000,99.0,99.0,0.0,16.0,88.0,88.0,0.0,0.0,0.0,1.0,1.0
1.0,10413.0,1.0,1.0,0.0,0.0,0.0,2.0,2.0,127.0,0.0,24.0,7.0,2013.0,4.0,15.0,35.0,0.0,3.0,3.0,SR-69,,2130.0,33.88763056,-87.15946389,0.0,42.0,0.0,0.0,1.0,1.0,0.0,4.0,1.0,1.0,0.0,1.0,0.0,0000000,99.0,99.0,15.0,55.0,99.0,99.0,0.0,0.0,0.0,1.0,0.0
1.0,10414.0,1.0,1.0,0.0,0.0,0.0,1.0,1.0,51.0,0.0,26.0,7.0,2013.0,6.0,1.0,10.0,0.0,4.0,4.0,CR-4,,0.0,32.46548333,-86.02386111,0.0,1.0,0.0,0.0,1.0,1.0,0.0,4.0,2.0,1.0,0.0,1.0,0.0,0000000,99.0,99.0,2.0,20.0,88.0,88.0,0.0,0.0,0.0,1.0,1.0
1.0,10415.0,1.0,1.0,0.0,0.0,0.0,2.0,2.0,115.0,0.0,26.0,7.0,2013.0,6.0,21.0,45.0,0.0,6.0,4.0,CR-CROSSOVER RD,,0.0,33.49554722,-86.35584444,0.0,1.0,0.0,0.0,1.0,1.0,0.0,4.0,2.0,1.0,0.0,1.0,0.0,0000000,99.0,99.0,22.0,5.0,99.0,99.0,0.0,0.0,0.0,1.0,1.0
1.0,10416.0,1.0,1.0,0.0,0.0,0.0,2.0,2.0,3.0,0.0,27.0,7.0,2013.0,7.0,2.0,50.0,0.0,6.0,4.0,CR-11,,0.0,30.41388889,-87.86361944,0.0,34.0,0.0,0.0,1.0,1.0,0.0,4.0,2.0,1.0,0.0,1.0,0.0,0000000,99.0,99.0,3.0,10.0,88.0,88.0,0.0,0.0,0.0,1.0,1.0
1.0,10417.0,2.0,1.0,1.0,0.0,0.0,2.0,2.0,121.0,1870.0,28.0,7.0,2013.0,1.0,6.0,55.0,1.0,11.0,1.0,I-20,,1661.0,33.59126944,-86.15896667,0.0,14.0,0.0,0.0,1.0,1.0,0.0,2.0,1.0,1.0,0.0,1.0,0.0,0000000,99.0,99.0,7.0,8.0,88.0,88.0,0.0,0.0,0.0,2.0,0.0
1.0,10418.0,3.0,3.0,0.0,0.0,0.0,6.0,6.0,125.0,3050.0,30.0,7.0,2013.0,3.0,23.0,23.0,1.0,13.0,2.0,US-SR 6,,545.0,33.15262778,-87.52455,0.0,12.0,6.0,0.0,1.0,1.0,0.0,1.0,2.0,1.0,0.0,1.0,0.0,0000000,99.0,99.0,23.0,35.0,99.0,99.0,20.0,0.0,0.0,1.0,1.0
1.0,10419.0,1.0,1.0,0.0,0.0,0.0,1.0,1.0,73.0,0.0,17.0,7.0,2013.0,4.0,23.0,15.0,0.0,5.0,4.0,CR-MAC HICKS ROAD,,0.0,33.72600278,-86.57277778,0.0,42.0,0.0,0.0,1.0,1.0,0.0,4.0,3.0,1.0,0.0,1.0,0.0,0000000,99.0,99.0,0.0,1.0,88.0,88.0,0.0,0.0,0.0,1.0,0.0
1.0,10420.0,1.0,1.0,0.0,0.0,0.0,1.0,1.0,127.0,0.0,1.0,8.0,2013.0,5.0,10.0,45.0,0.0,4.0,4.0,CR-PROSPECT RD,,0.0,33.92889444,-87.43400833,0.0,42.0,0.0,0.0,1.0,1.0,0.0,4.0,1.0,10.0,0.0,10.0,0.0,0000000,99.0,99.0,11.0,0.0,88.0,88.0,0.0,0.0,0.0,1.0,0.0
1.0,10421.0,2.0,2.0,0.0,0.0,0.0,2.0,2.0,35.0,0.0,2.0,8.0,2013.0,6.0,18.0,7.0,0.0,4.0,4.0,CR-23,,0.0,31.38425,-87.08085833,0.0,12.0,6.0,0.0,1.0,1.0,0.0,1.0,1.0,1.0,0.0,1.0,0.0,0000000,99.0,99.0,18.0,25.0,88.0,88.0,0.0,0.0,0.0,1.0,0.0
1.0,10422.0,2.0,2.0,0.0,0.0,0.0,2.0,2.0,111.0,0.0,2.0,8.0,2013.0,6.0,18.0,15.0,1.0,2.0,2.0,US-SR 1,CR-82,2036.0,33.42314444,-85.55063889,0.0,12.0,6.0,0.0,2.0,2.0,0.0,1.0,1.0,1.0,0.0,1.0,0.0,0000000,99.0,99.0,99.0,99.0,88.0,88.0,0.0,0.0,0.0,1.0,0.0
1.0,10423.0,1.0,1.0,0.0,0.0,0.0,3.0,3.0,89.0,0.0,3.0,8.0,2013.0,7.0,22.0,0.0,0.0,15.0,4.0,CR-OLD RAILROAD BED RD,,0.0,34.90325278,-86.73155556,0.0,42.0,0.0,0.0,1.0,1.0,0.0,4.0,2.0,1.0,0.0,1.0,0.0,0000000,99.0,99.0,22.0,8.0,99.0,99.0,0.0,0.0,0.0,1.0,1.0
1.0,10424.0,2.0,2.0,0.0,0.0,0.0,2.0,2.0,95.0,0.0,4.0,8.0,2013.0,1.0,23.0,20.0,0.0,2.0,3.0,SR-227,,246.0,34.44956944,-86.13853889,0.0,12.0,2.0,0.0,1.0,1.0,0.0,1.0,2.0,1.0,0.0,1.0,0.0,0000000,99.0,99.0,23.0,57.0,99.0,99.0,0.0,0.0,0.0,1.0,1.0
1.0,10425.0,1.0,1.0,0.0,0.0,0.0,1.0,1.0,65.0,0.0,5.0,8.0,2013.0,2.0,5.0,30.0,0.0,4.0,4.0,CR-50,,0.0,32.99645556,-87.58852222,0.0,34.0,0.0,0.0,1.0,1.0,0.0,4.0,2.0,10.0,0.0,10.0,0.0,0000000,99.0,99.0,6.0,45.0,88.0,88.0,0.0,0.0,0.0,1.0,0.0
1.0,10426.0,1.0,1.0,0.0,0.0,0.0,1.0,1.0,51.0,0.0,5.0,8.0,2013.0,2.0,11.0,40.0,0.0,6.0,4.0,CR-COLD SPRINGS ROAD,,0.0,32.60939167,-86.35152778,0.0,1.0,0.0,0.0,1.0,1.0,0.0,4.0,1.0,1.0,0.0,1.0,0.0,0000000,99.0,99.0,11.0,55.0,88.0,88.0,0.0,0.0,0.0,1.0,0.0
1.0,10427.0,2.0,2.0,0.0,1.0,1.0,3.0,3.0,73.0,350.0,1.0,6.0,2013.0,7.0,5.0,15.0,1.0,13.0,2.0,US-SR 5,,0.0,33.50518333,-86.85596944,0.0,8.0,0.0,0.0,1.0,1.0,0.0,1.0,2.0,1.0,0.0,1.0,0.0,0000000,99.0,99.0,5.0,17.0,88.0,88.0,0.0,0.0,0.0,1.0,1.0
1.0,10428.0,3.0,3.0,0.0,0.0,0.0,4.0,4.0,73.0,350.0,29.0,6.0,2013.0,7.0,22.0,35.0,1.0,13.0,2.0,US-SR 38,,0.0,33.44636667,-86.73663056,0.0,12.0,6.0,0.0,8.0,1.0,0.0,1.0,3.0,1.0,0.0,1.0,0.0,0000000,99.0,99.0,22.0,41.0,99.0,99.0,0.0,0.0,0.0,1.0,1.0
1.0,10429.0,2.0,2.0,0.0,0.0,0.0,2.0,2.0,125.0,2260.0,5.0,8.0,2013.0,2.0,10.0,20.0,1.0,13.0,3.0,SR-69,,1540.0,33.32228056,-87.57426667,0.0,12.0,2.0,0.0,1.0,1.0,0.0,1.0,1.0,1.0,0.0,1.0,0.0,0000000,99.0,99.0,10.0,35.0,99.0,99.0,0.0,0.0,0.0,1.0,0.0
1.0,10430.0,1.0,1.0,0.0,0.0,0.0,1.0,1.0,77.0,0.0,14.0,8.0,2013.0,4.0,16.0,25.0,0.0,5.0,4.0,CR-7,,0.0,34.89747778,-87.70825833,0.0,35.0,0.0,0.0,1.0,1.0,0.0,4.0,1.0,1.0,0.0,1.0,0.0,0000000,99.0,99.0,16.0,31.0,88.0,88.0,0.0,0.0,0.0,1.0,1.0
1.0,10431.0,2.0,1.0,1.0,0.0,1.0,1.0,2.0,111.0,0.0,29.0,7.0,2013.0,2.0,10.0,18.0,0.0,6.0,4.0,CR-531,,0.0,33.38706944,-85.38816944,0.0,45.0,0.0,0.0,1.0,1.0,2.0,1.0,1.0,1.0,0.0,1.0,0.0,0000000,99.0,99.0,10.0,26.0,99.0,99.0,0.0,0.0,0.0,1.0,0.0
1.0,10432.0,1.0,1.0,0.0,0.0,0.0,1.0,1.0,89.0,0.0,18.0,8.0,2013.0,1.0,1.0,40.0,0.0,15.0,4.0,CR-PATTERSON LANE,,0.0,34.88035,-86.58925556,0.0,34.0,0.0,0.0,1.0,1.0,0.0,4.0,2.0,99.0,0.0,99.0,0.0,0000000,99.0,99.0,9.0,38.0,88.0,88.0,0.0,0.0,0.0,1.0,0.0
1.0,10433.0,5.0,5.0,0.0,0.0,0.0,9.0,9.0,125.0,0.0,21.0,8.0,2013.0,4.0,12.0,57.0,1.0,1.0,1.0,I-59,,706.0,33.16550833,-87.56340833,0.0,12.0,1.0,0.0,1.0,1.0,0.0,1.0,1.0,1.0,0.0,1.0,0.0,0000000,99.0,99.0,13.0,12.0,99.0,99.0,0.0,0.0,0.0,1.0,0.0
1.0,10434.0,2.0,2.0,0.0,0.0,0.0,3.0,3.0,21.0,0.0,22.0,8.0,2013.0,5.0,7.0,30.0,1.0,1.0,1.0,I-65,,2178.0,32.95915833,-86.674,0.0,12.0,6.0,0.0,1.0,1.0,0.0,1.0,1.0,1.0,0.0,1.0,0.0,0000000,99.0,99.0,7.0,42.0,99.0,99.0,0.0,0.0,0.0,1.0,0.0