STATE,ST_CASE,VE_TOTAL,VE_FORMS,PVH_INVL,PEDS,PERNOTMVIT,PERMVIT,PERSONS,COUNTY,CITY,DAY,MONTH,YEAR,DAY_WEEK,HOUR,MINUTE,NHS,ROAD_FNC,ROUTE,TWAY_ID,TWAY_ID2,MILEPT,LATITUDE,LONGITUD,SP_JUR,HARM_EV,MAN_COLL,RELJCT1,RELJCT2,TYP_INT,WRK_ZONE,REL_ROAD,LGT_COND,WEATHER1,WEATHER2,WEATHER,SCH_BUS,RAIL,NOT_HOUR,NOT_MIN,ARR_HOUR,ARR_MIN,HOSP_HR,HOSP_MN,CF1,CF2,CF3,FATALS,DRUNK_DR
1.0,10435.0,1.0,1.0,0.0,1.0,1.0,1.0,1.0,1.0,0.0,24.0,8.0,2013.0,7.0,3.0,30.0,0.0,4.0,4.0,CR-1,,0.0,32.52705833,-86.848875,0.0,8.0,0.0,0.0,1.0,1.0,0.0,1.0,2.0,1.0,0.0,1.0,0.0,0000000,99.0,99.0,4.0,11.0,88.0,88.0,0.0,0.0,0.0,1.0,0.0
1.0,10436.0,2.0,2.0,0.0,0.0,0.0,3.0,3.0,51.0,2063.0,27.0,8.0,2013.0,3.0,17.0,4.0,0.0,14.0,3.0,SR-14,BIRCH ST,1605.0,32.51738056,-86.37426944,0.0,12.0,6.0,0.0,8.0,1.0,0.0,1.0,1.0,1.0,0.0,1.0,0.0,0000000,99.0,99.0,17.0,7.0,99.0,99.0,0.0,0.0,0.0,1.0,0.0
1.0,10437.0,3.0,3.0,0.0,0.0,0.0,6.0,6.0,111.0,0.0,22.0,8.0,2013.0,5.0,7.0,48.0,0.0,99.0,2.0,US-SR 1,,1995.0,33.37504722,-85.50945278,0.0,12.0,1.0,0.0,8.0,1.0,0.0,1.0,1.0,5.0,0.0,5.0,0.0,0000000,99.0,99.0,7.0,56.0,99.0,99.0,0.0,0.0,0.0,1.0,0.0
1.0,10438.0,2.0,2.0,0.0,0.0,0.0,2.0,2.0,113.0,0.0,28.0,8.0,2013.0,4.0,6.0,3.0,0.0,3.0,3.0,SR-169,SR-1,0.0,32.32883333,-85.16799444,0.0,12.0,6.0,0.0,2.0,2.0,0.0,1.0,4.0,1.0,0.0,1.0,0.0,0000000,99.0,99.0,6.0,30.0,88.0,88.0,0.0,0.0,0.0,1.0,0.0
1.0,10439.0,2.0,2.0,0.0,0.0,0.0,5.0,5.0,3.0,860.0,1.0,2.0,2013.0,6.0,7.0,11.0,1.0,13.0,2.0,US-SR 42,,405.0,30.59333056,-87.89797222,0.0,32.0,0.0,0.0,1.0,1.0,0.0,4.0,1.0,1.0,0.0,1.0,0.0,0000000,99.0,99.0,7.0,20.0,99.0,99.0,0.0,0.0,0.0,2.0,0.0
1.0,10440.0,1.0,1.0,0.0,0.0,0.0,1.0,1.0,83.0,0.0,3.0,8.0,2013.0,7.0,23.0,30.0,0.0,4.0,3.0,SR-99,,109.0,34.90408056,-87.08448333,0.0,24.0,0.0,0.0,1.0,1.0,0.0,4.0,2.0,5.0,0.0,5.0,0.0,0000000,88.0,88.0,88.0,88.0,88.0,88.0,0.0,0.0,0.0,1.0,0.0
1.0,10441.0,1.0,1.0,0.0,0.0,0.0,2.0,2.0,17.0,0.0,11.0,8.0,2013.0,1.0,0.0,33.0,0.0,4.0,4.0,CR-388,,0.0,32.74774167,-85.29502778,0.0,32.0,0.0,0.0,1.0,1.0,0.0,4.0,2.0,1.0,0.0,1.0,0.0,0000000,99.0,99.0,0.0,50.0,99.0,99.0,0.0,0.0,0.0,1.0,1.0
1.0,10442.0,3.0,3.0,0.0,0.0,0.0,3.0,3.0,81.0,0.0,12.0,8.0,2013.0,2.0,18.0,0.0,0.0,4.0,4.0,CR-270,,0.0,32.71705556,-85.20103333,0.0,12.0,2.0,0.0,1.0,1.0,0.0,1.0,1.0,10.0,0.0,10.0,0.0,0000000,99.0,99.0,18.0,10.0,99.0,99.0,0.0,0.0,0.0,1.0,1.0
1.0,10443.0,2.0,2.0,0.0,0.0,0.0,5.0,5.0,43.0,0.0,13.0,8.0,2013.0,3.0,16.0,10.0,0.0,4.0,2.0,US-SR 3,,3326.0,34.25748056,-86.87620278,0.0,12.0,1.0,0.0,1.0,1.0,0.0,1.0,1.0,10.0,0.0,10.0,0.0,0000000,99.0,99.0,16.0,26.0,99.0,99.0,0.0,0.0,0.0,1.0,0.0
1.0,10444.0,1.0,1.0,0.0,0.0,0.0,1.0,1.0,11.0,0.0,18.0,8.0,2013.0,1.0,2.0,30.0,0.0,5.0,4.0,CR-177,,0.0,32.16771944,-85.82023611,0.0,30.0,0.0,0.0,1.0,1.0,0.0,4.0,2.0,2.0,0.0,2.0,0.0,0000000,99.0,99.0,3.0,50.0,88.0,88.0,0.0,0.0,0.0,1.0,1.0
1.0,10445.0,1.0,1.0,0.0,0.0,0.0,1.0,1.0,13.0,0.0,18.0,8.0,2013.0,1.0,4.0,30.0,0.0,4.0,4.0,CR-46,,0.0,31.86465278,-86.83427222,0.0,42.0,0.0,0.0,1.0,1.0,0.0,4.0,2.0,2.0,0.0,2.0,0.0,0000000,99.0,99.0,6.0,43.0,88.0,88.0,0.0,0.0,0.0,1.0,1.0
1.0,10446.0,1.0,1.0,0.0,0.0,0.0,1.0,1.0,97.0,0.0,19.0,8.0,2013.0,2.0,4.0,35.0,0.0,4.0,3.0,SR-217,,130.0,30.86904444,-88.27359722,0.0,30.0,0.0,0.0,1.0,1.0,0.0,4.0,2.0,5.0,0.0,5.0,0.0,0000000,99.0,99.0,99.0,99.0,88.0,88.0,0.0,0.0,0.0,1.0,0.0
1.0,10447.0,1.0,1.0,0.0,0.0,0.0,4.0,4.0,73.0,330.0,21.0,8.0,2013.0,4.0,11.0,49.0,1.0,11.0,1.0,I-59,,1131.0,33.41196389,-86.96865278,0.0,1.0,0.0,1.0,18.0,1.0,0.0,1.0,1.0,1.0,0.0,1.0,0.0,0000000,99.0,99.0,11.0,52.0,99.0,99.0,0.0,0.0,0.0,1.0,0.0
1.0,10448.0,1.0,1.0,0.0,0.0,0.0,1.0,1.0,39.0,0.0,25.0,8.0,2013.0,1.0,2.0,0.0,0.0,5.0,4.0,CR-32,,0.0,31.21256667,-86.446625,0.0,42.0,0.0,0.0,1.0,1.0,0.0,4.0,2.0,1.0,0.0,1.0,0.0,0000000,99.0,99.0,3.0,20.0,88.0,88.0,0.0,0.0,0.0,1.0,1.0
1.0,10449.0,2.0,2.0,0.0,0.0,0.0,2.0,2.0,73.0,2960.0,9.0,8.0,2013.0,6.0,13.0,26.0,1.0,13.0,4.0,CR-TARRANT HUFFMAN RD,,0.0,33.58724167,-86.75114722,0.0,12.0,2.0,0.0,1.0,1.0,0.0,1.0,1.0,1.0,0.0,1.0,0.0,0000000,99.0,99.0,13.0,27.0,99.0,99.0,0.0,0.0,0.0,1.0,1.0
1.0,10450.0,1.0,1.0,0.0,0.0,0.0,2.0,2.0,11.0,3090.0,15.0,8.0,2013.0,5.0,22.0,41.0,0.0,4.0,6.0,PEACHBURG ROAD,PREACHBURG RD,0.0,32.15368611,-85.69855833,0.0,42.0,0.0,0.0,1.0,1.0,0.0,4.0,3.0,10.0,0.0,10.0,0.0,0000000,99.0,99.0,22.0,50.0,99.0,99.0,0.0,0.0,0.0,1.0,1.0
1.0,10451.0,1.0,1.0,0.0,0.0,0.0,1.0,1.0,123.0,60.0,16.0,8.0,2013.0,6.0,17.0,21.0,0.0,14.0,3.0,SR-22,,1191.0,32.96449167,-85.91258333,0.0,42.0,0.0,0.0,1.0,1.0,0.0,4.0,1.0,10.0,0.0,10.0,0.0,0000000,99.0,99.0,17.0,24.0,99.0,99.0,0.0,0.0,0.0,1.0,0.0
1.0,10452.0,2.0,2.0,0.0,0.0,0.0,2.0,2.0,49.0,1230.0,22.0,2.0,2013.0,6.0,8.0,52.0,0.0,16.0,4.0,CR-SCENIC ROAD E,,0.0,34.43751944,-85.70661667,0.0,12.0,2.0,0.0,1.0,1.0,0.0,1.0,1.0,10.0,0.0,10.0,0.0,0000000,99.0,99.0,8.0,57.0,99.0,99.0,0.0,0.0,0.0,1.0,0.0
1.0,10453.0,1.0,1.0,0.0,0.0,0.0,1.0,1.0,73.0,350.0,1.0,8.0,2013.0,5.0,12.0,0.0,0.0,16.0,6.0,GRANTS MILL ROAD,,0.0,33.52586667,-86.66507222,0.0,42.0,0.0,0.0,1.0,1.0,0.0,4.0,1.0,1.0,0.0,1.0,0.0,0000000,99.0,99.0,18.0,10.0,88.0,88.0,0.0,0.0,0.0,1.0,0.0
1.0,10454.0,1.0,1.0,0.0,0.0,0.0,1.0,1.0,33.0,0.0,26.0,8.0,2013.0,2.0,16.0,55.0,0.0,3.0,3.0,SR-184,,63.0,34.75716944,-87.55508056,0.0,1.0,0.0,0.0,1.0,1.0,0.0,4.0,1.0,1.0,0.0,1.0,0.0,0000000,99.0,99.0,17.0,32.0,99.0,99.0,0.0,0.0,0.0,1.0,0.0
1.0,10455.0,3.0,3.0,0.0,0.0,0.0,3.0,3.0,89.0,1970.0,27.0,8.0,2013.0,3.0,14.0,41.0,0.0,14.0,6.0,WALL TRIANA HWY,,0.0,34.71695,-86.750625,0.0,12.0,2.0,0.0,1.0,1.0,0.0,1.0,1.0,10.0,0.0,10.0,0.0,0000000,99.0,99.0,14.0,47.0,99.0,99.0,0.0,0.0,0.0,1.0,0.0
1.0,10456.0,2.0,2.0,0.0,0.0,0.0,2.0,2.0,113.0,0.0,29.0,8.0,2013.0,5.0,9.0,10.0,0.0,4.0,3.0,SR-165,FIRETOWER RD,146.0,32.18587778,-85.04332778,0.0,12.0,6.0,0.0,2.0,2.0,0.0,1.0,1.0,1.0,0.0,1.0,0.0,0000000,99.0,99.0,9.0,25.0,99.0,99.0,0.0,0.0,0.0,1.0,0.0
1.0,10457.0,2.0,2.0,0.0,0.0,0.0,2.0,2.0,115.0,160.0,30.0,8.0,2013.0,6.0,6.0,54.0,0.0,4.0,3.0,SR-23,,80.0,33.82646389,-86.27519722,0.0,12.0,1.0,0.0,1.0,1.0,0.0,1.0,1.0,1.0,0.0,1.0,1.0,0000000,99.0,99.0,7.0,2.0,88.0,88.0,0.0,0.0,0.0,1.0,0.0
1.0,10458.0,2.0,2.0,0.0,0.0,0.0,4.0,4.0,59.0,0.0,30.0,8.0,2013.0,6.0,15.0,18.0,1.0,2.0,2.0,US-SR 17,HWY 13,3016.0,34.40046944,-87.75200278,0.0,12.0,6.0,0.0,2.0,3.0,0.0,1.0,1.0,1.0,0.0,1.0,0.0,0000000,99.0,99.0,15.0,29.0,99.0,99.0,0.0,0.0,0.0,1.0,0.0
1.0,10459.0,1.0,1.0,0.0,0.0,0.0,1.0,1.0,97.0,0.0,30.0,8.0,2013.0,6.0,21.0,15.0,0.0,15.0,4.0,CR-PADGETT SWITCH ROAD,,0.0,30.51398056,-88.20819167,0.0,34.0,0.0,0.0,1.0,1.0,0.0,4.0,2.0,1.0,0.0,1.0,0.0,0000000,99.0,99.0,21.0,25.0,99.0,99.0,0.0,0.0,0.0,1.0,0.0
1.0,10460.0,3.0,1.0,2.0,0.0,0.0,1.0,1.0,73.0,350.0,23.0,8.0,2013.0,6.0,0.0,30.0,0.0,14.0,3.0,SR-269 20TH ST ENSLEY,,0.0,33.50955556,-86.89275833,0.0,1.0,0.0,0.0,1.0,1.0,0.0,4.0,3.0,1.0,0.0,1.0,0.0,0000000,99.0,99.0,0.0,32.0,88.0,88.0,14.0,0.0,0.0,1.0,0.0
1.0,10461.0,2.0,2.0,0.0,0.0,0.0,2.0,2.0,3.0,0.0,15.0,8.0,2013.0,5.0,13.0,35.0,0.0,3.0,3.0,SR-225,STILLWATER BLVD,33.0,30.71707222,-87.90151389,0.0,12.0,6.0,0.0,2.0,3.0,0.0,1.0,1.0,1.0,0.0,1.0,0.0,0000000,99.0,99.0,14.0,0.0,99.0,99.0,0.0,0.0,0.0,1.0,0.0
1.0,10462.0,1.0,1.0,0.0,0.0,0.0,3.0,3.0,49.0,2564.0,30.0,8.0,2013.0,6.0,20.0,18.0,0.0,6.0,4.0,CR-CARTER ST,,0.0,34.50669722,-85.80964722,0.0,52.0,0.0,0.0,1.0,1.0,0.0,4.0,2.0,10.0,0.0,10.0,0.0,0000000,99.0,99.0,20.0,32.0,99.0,99.0,0.0,0.0,0.0,2.0,0.0
1.0,10463.0,2.0,2.0,0.0,0.0,0.0,3.0,3.0,17.0,0.0,1.0,9.0,2013.0,1.0,11.0,40.0,0.0,4.0,4.0,CR-389,,0.0,32.78116944,-85.31425556,0.0,12.0,7.0,0.0,8.0,1.0,0.0,1.0,1.0,1.0,0.0,1.0,0.0,0000000,99.0,99.0,11.0,57.0,88.0,88.0,0.0,0.0,0.0,1.0,0.0
1.0,10464.0,2.0,2.0,0.0,0.0,0.0,3.0,3.0,91.0,0.0,1.0,9.0,2013.0,1.0,16.0,50.0,1.0,2.0,2.0,US-SR 13,,1167.0,32.26810556,-87.79501111,0.0,12.0,2.0,0.0,1.0,1.0,0.0,1.0,1.0,1.0,0.0,1.0,0.0,0000000,99.0,99.0,17.0,5.0,99.0,99.0,0.0,0.0,0.0,2.0,0.0
1.0,10465.0,1.0,1.0,0.0,1.0,1.0,1.0,1.0,83.0,0.0,2.0,9.0,2013.0,2.0,21.0,32.0,0.0,4.0,3.0,SR-251,,90.0,34.88329722,-86.82914444,0.0,8.0,0.0,0.0,1.0,1.0,0.0,1.0,2.0,1.0,0.0,1.0,0.0,0000000,99.0,99.0,21.0,40.0,88.0,88.0,0.0,0.0,0.0,1.0,0.0
1.0,10466.0,1.0,1.0,0.0,0.0,0.0,1.0,1.0,101.0,2130.0,3.0,9.0,2013.0,3.0,13.0,55.0,0.0,5.0,4.0,CR-OLD CARTER HILL ROAD,,0.0,32.26857222,-86.09940278,0.0,34.0,0.0,0.0,1.0,1.0,0.0,4.0,1.0,1.0,0.0,1.0,0.0,0000000,99.0,99.0,14.0,25.0,88.0,88.0,0.0,0.0,0.0,1.0,0.0
1.0,10467.0,2.0,2.0,0.0,0.0,0.0,2.0,2.0,83.0,0.0,3.0,9.0,2013.0,3.0,16.0,35.0,0.0,5.0,4.0,CR-NICK DAVIS RD,WELLHOUSE RD,0.0,34.80280278,-86.81984444,0.0,12.0,6.0,0.0,2.0,3.0,0.0,1.0,1.0,1.0,0.0,1.0,0.0,0000000,99.0,99.0,16.0,45.0,88.0,88.0,0.0,0.0,0.0,1.0,0.0
1.0,10468.0,1.0,1.0,0.0,0.0,0.0,2.0,2.0,49.0,0.0,4.0,9.0,2013.0,4.0,2.0,39.0,0.0,6.0,4.0,CR-295,,0.0,34.40248889,-85.64070556,0.0,34.0,0.0,0.0,1.0,1.0,0.0,4.0,2.0,1.0,0.0,1.0,0.0,0000000,99.0,99.0,2.0,55.0,99.0,99.0,20.0,0.0,0.0,1.0,0.0
1.0,10469.0,1.0,1.0,0.0,0.0,0.0,1.0,1.0,73.0,0.0,4.0,9.0,2013.0,4.0,14.0,45.0,1.0,11.0,1.0,I-459,,310.0,33.56939722,-86.63803889,0.0,25.0,0.0,0.0,1.0,1.0,0.0,3.0,1.0,1.0,0.0,1.0,0.0,0000000,99.0,99.0,14.0,55.0,99.0,99.0,0.0,0.0,0.0,1.0,0.0
1.0,10470.0,1.0,1.0,0.0,0.0,0.0,1.0,1.0,3.0,0.0,7.0,9.0,2013.0,7.0,3.0,30.0,0.0,3.0,2.0,US-SR 3,,86.0,30.71013333,-87.805875,0.0,30.0,0.0,0.0,1.0,1.0,0.0,4.0,2.0,1.0,0.0,1.0,0.0,0000000,99.0,99.0,3.0,50.0,88.0,88.0,0.0,0.0,0.0,1.0,1.0
1.0,10471.0,1.0,1.0,0.0,0.0,0.0,2.0,2.0,11.0,0.0,1.0,9.0,2013.0,1.0,2.0,40.0,0.0,3.0,2.0,US-SR 6,,1800.0,32.13943889,-85.99163333,0.0,42.0,0.0,0.0,1.0,1.0,0.0,4.0,2.0,1.0,0.0,1.0,0.0,0000000,99.0,99.0,3.0,35.0,99.0,99.0,0.0,0.0,0.0,1.0,0.0
1.0,10472.0,2.0,2.0,0.0,0.0,0.0,2.0,2.0,21.0,9997.0,6.0,9.0,2013.0,6.0,5.0,40.0,0.0,3.0,2.0,US-SR 3,,2403.0,33.06505556,-86.75249444,0.0,12.0,2.0,0.0,1.0,1.0,0.0,1.0,2.0,1.0,0.0,1.0,0.0,0000000,99.0,99.0,5.0,50.0,99.0,99.0,0.0,0.0,0.0,1.0,0.0
1.0,10473.0,1.0,1.0,0.0,0.0,0.0,1.0,1.0,117.0,655.0,7.0,9.0,2013.0,7.0,23.0,0.0,0.0,15.0,4.0,CR-36,,0.0,33.31769167,-86.65896944,0.0,32.0,0.0,0.0,1.0,1.0,0.0,4.0,2.0,1.0,0.0,1.0,0.0,0000000,99.0,99.0,23.0,10.0,88.0,88.0,0.0,0.0,0.0,1.0,0.0
1.0,10474.0,1.0,1.0,0.0,0.0,0.0,1.0,1.0,37.0,0.0,9.0,9.0,2013.0,2.0,7.0,40.0,0.0,4.0,4.0,CR-55,,0.0,32.95344722,-86.46551111,0.0,42.0,0.0,0.0,1.0,1.0,0.0,4.0,1.0,1.0,0.0,1.0,0.0,0000000,99.0,99.0,8.0,10.0,88.0,88.0,0.0,0.0,0.0,1.0,0.0
1.0,10475.0,2.0,2.0,0.0,0.0,0.0,3.0,3.0,107.0,0.0,9.0,9.0,2013.0,2.0,15.0,30.0,0.0,4.0,4.0,CR-30,CR-35,0.0,33.40059167,-88.14174167,0.0,12.0,6.0,0.0,2.0,2.0,0.0,1.0,1.0,1.0,0.0,1.0,0.0,0000000,99.0,99.0,16.0,46.0,99.0,99.0,0.0,0.0,0.0,1.0,0.0
1.0,10476.0,1.0,1.0,0.0,0.0,0.0,1.0,1.0,21.0,0.0,11.0,9.0,2013.0,4.0,15.0,18.0,1.0,1.0,1.0,I-65,,2041.0,32.78156111,-86.57262222,0.0,1.0,0.0,0.0,1.0,1.0,0.0,1.0,1.0,1.0,0.0,1.0,0.0,0000000,99.0,99.0,15.0,25.0,88.0,88.0,0.0,0.0,0.0,1.0,0.0
1.0,10477.0,1.0,1.0,0.0,0.0,0.0,1.0,1.0,89.0,1730.0,11.0,9.0,2013.0,4.0,15.0,29.0,0.0,14.0,6.0,GLENN HEARN BLVD,,0.0,34.65853611,-86.76902778,0.0,1.0,0.0,0.0,1.0,1.0,0.0,1.0,1.0,1.0,0.0,1.0,0.0,0000000,99.0,99.0,15.0,39.0,88.0,88.0,0.0,0.0,0.0,1.0,0.0
1.0,10478.0,2.0,2.0,0.0,0.0,0.0,2.0,2.0,101.0,2130.0,11.0,9.0,2013.0,4.0,17.0,9.0,0.0,14.0,6.0,ATLANTA HWY,BROWN SPRINGS ROAD,0.0,32.382325,-86.18001389,0.0,12.0,6.0,0.0,2.0,2.0,0.0,1.0,1.0,1.0,0.0,1.0,0.0,0000000,99.0,99.0,17.0,14.0,99.0,99.0,0.0,0.0,0.0,1.0,0.0
1.0,10479.0,2.0,2.0,0.0,0.0,0.0,2.0,2.0,43.0,0.0,14.0,9.0,2013.0,7.0,14.0,25.0,0.0,4.0,4.0,CR-1527,,0.0,34.30226111,-86.72191389,0.0,12.0,2.0,0.0,1.0,1.0,0.0,1.0,1.0,1.0,0.0,1.0,0.0,0000000,99.0,99.0,14.0,40.0,99.0,99.0,0.0,0.0,0.0,1.0,0.0
1.0,10480.0,1.0,1.0,0.0,0.0,0.0,1.0,1.0,53.0,0.0,14.0,9.0,2013.0,7.0,21.0,30.0,0.0,16.0,4.0,CR-SARDIS CHURCH RD,,0.0,31.06763056,-87.357525,0.0,1.0,0.0,0.0,1.0,1.0,0.0,4.0,2.0,1.0,0.0,1.0,0.0,0000000,99.0,99.0,21.0,52.0,88.0,88.0,0.0,0.0,0.0,1.0,1.0
1.0,10481.0,1.0,1.0,0.0,0.0,0.0,1.0,1.0,15.0,0.0,16.0,9.0,2013.0,2.0,15.0,40.0,0.0,4.0,4.0,CR-FRIENDSHIP RD,,0.0,33.58699167,-85.75621944,0.0,1.0,0.0,0.0,1.0,1.0,0.0,4.0,1.0,1.0,0.0,1.0,0.0,0000000,99.0,99.0,15.0,56.0,88.0,88.0,0.0,0.0,0.0,1.0,0.0
1.0,10482.0,2.0,2.0,0.0,0.0,0.0,2.0,2.0,73.0,350.0,11.0,8.0,2013.0,1.0,19.0,43.0,1.0,11.0,1.0,I-59,,1295.0,33.54610833,-86.76209167,0.0,12.0,9.0,0.0,1.0,1.0,0.0,1.0,3.0,1.0,0.0,1.0,0.0,0000000,99.0,99.0,19.0,47.0,88.0,88.0,0.0,0.0,0.0,1.0,1.0
1.0,10483.0,1.0,1.0,0.0,0.0,0.0,1.0,1.0,73.0,350.0,31.0,8.0,2013.0,7.0,19.0,35.0,0.0,14.0,6.0,GADSDEN HWY,,0.0,33.58344444,-86.67140833,0.0,24.0,0.0,0.0,1.0,1.0,0.0,4.0,2.0,1.0,0.0,1.0,0.0,0000000,99.0,99.0,19.0,46.0,88.0,88.0,0.0,0.0,0.0,1.0,1.0
1.0,10484.0,1.0,1.0,0.0,0.0,0.0,2.0,2.0,73.0,350.0,15.0,9.0,2013.0,1.0,3.0,0.0,0.0,3.0,3.0,SR-119,,0.0,33.46348056,-86.64185556,0.0,42.0,0.0,0.0,1.0,1.0,0.0,4.0,6.0,1.0,0.0,1.0,0.0,0000000,99.0,99.0,3.0,21.0,99.0,99.0,0.0,0.0,0.0,1.0,1.0
1.0,10485.0,2.0,2.0,0.0,0.0,0.0,2.0,2.0,15.0,2325.0,21.0,9.0,2013.0,7.0,13.0,14.0,1.0,2.0,3.0,SR-77,,1910.0,33.81281389,-86.03660833,0.0,12.0,6.0,0.0,1.0,1.0,0.0,1.0,1.0,2.0,0.0,2.0,0.0,0000000,99.0,99.0,13.0,32.0,88.0,88.0,0.0,0.0,0.0,1.0,0.0
1.0,10486.0,1.0,1.0,0.0,0.0,0.0,1.0,1.0,3.0,1493.0,21.0,9.0,2013.0,7.0,23.0,55.0,0.0,4.0,3.0,SR-180,,30.0,30.23335833,-87.95030278,0.0,1.0,0.0,0.0,1.0,1.0,0.0,4.0,2.0,2.0,0.0,2.0,0.0,0000000,99.0,99.0,1.0,35.0,88.0,88.0,0.0,0.0,0.0,1.0,0.0
1.0,10487.0,1.0,1.0,0.0,0.0,0.0,1.0,1.0,81.0,2340.0,1.0,10.0,2013.0,3.0,7.0,12.0,1.0,13.0,2.0,US-SR 14,,0.0,32.63721944,-85.41472778,0.0,42.0,0.0,0.0,1.0,1.0,0.0,4.0,1.0,10.0,0.0,10.0,0.0,0000000,99.0,99.0,7.0,20.0,99.0,99.0,0.0,0.0,0.0,1.0,1.0
1.0,10488.0,1.0,1.0,0.0,0.0,0.0,1.0,1.0,101.0,2130.0,3.0,7.0,2013.0,4.0,23.0,26.0,0.0,16.0,6.0,HAYNEVILLE ROAD,,0.0,32.34867222,-86.35943611,0.0,30.0,0.0,0.0,1.0,1.0,0.0,4.0,6.0,1.0,0.0,1.0,0.0,0000000,99.0,99.0,23.0,29.0,88.0,88.0,0.0,0.0,0.0,1.0,1.0
1.0,10489.0,2.0,2.0,0.0,0.0,0.0,4.0,4.0,73.0,0.0,8.0,8.0,2013.0,5.0,9.0,30.0,0.0,16.0,4.0,CR-SHANNON OXMOOR RD,,0.0,33.41105278,-86.86718056,0.0,12.0,2.0,0.0,1.0,1.0,0.0,1.0,1.0,1.0,0.0,1.0,0.0,0000000,99.0,99.0,9.0,40.0,99.0,99.0,0.0,0.0,0.0,1.0,0.0
1.0,10490.0,1.0,1.0,0.0,0.0,0.0,2.0,2.0,81.0,0.0,18.0,8.0,2013.0,1.0,4.0,40.0,1.0,1.0,1.0,I-85,,680.0,32.71712778,-85.303875,0.0,24.0,0.0,0.0,1.0,1.0,0.0,4.0,2.0,10.0,0.0,10.0,0.0,0000000,99.0,99.0,4.0,55.0,99.0,99.0,0.0,0.0,0.0,1.0,1.0
1.0,10491.0,2.0,2.0,0.0,0.0,0.0,2.0,2.0,9.0,0.0,1.0,9.0,2013.0,1.0,17.0,58.0,1.0,2.0,3.0,SR-79,,231.0,33.84417222,-86.66374444,0.0,12.0,6.0,0.0,1.0,1.0,0.0,1.0,1.0,1.0,0.0,1.0,0.0,0000000,99.0,99.0,18.0,9.0,99.0,99.0,0.0,0.0,0.0,1.0,1.0
1.0,10492.0,1.0,1.0,0.0,0.0,0.0,1.0,1.0,49.0,0.0,2.0,9.0,2013.0,2.0,21.0,0.0,0.0,6.0,4.0,CR-515,,0.0,34.52193333,-85.79421667,0.0,34.0,0.0,0.0,1.0,1.0,0.0,4.0,2.0,10.0,0.0,10.0,0.0,0000000,99.0,99.0,21.0,19.0,99.0,99.0,0.0,0.0,0.0,1.0,1.0
1.0,10493.0,1.0,1.0,0.0,1.0,1.0,1.0,1.0,97.0,2100.0,3.0,9.0,2013.0,3.0,8.0,37.0,1.0,13.0,6.0,AIRPORT BLVD,,0.0,30.67642778,-88.095875,0.0,9.0,0.0,0.0,1.0,1.0,0.0,1.0,1.0,1.0,0.0,1.0,0.0,0000000,99.0,99.0,8.0,40.0,99.0,99.0,0.0,0.0,0.0,1.0,0.0
1.0,10494.0,1.0,1.0,0.0,0.0,0.0,1.0,1.0,127.0,0.0,8.0,9.0,2013.0,1.0,19.0,30.0,0.0,4.0,4.0,CR-HOLLY GROVE ROAD,,0.0,33.83274444,-87.31066389,0.0,35.0,0.0,0.0,1.0,1.0,0.0,4.0,3.0,1.0,0.0,1.0,0.0,0000000,99.0,99.0,19.0,40.0,99.0,99.0,0.0,0.0,0.0,1.0,1.0
1.0,10495.0,1.0,1.0,0.0,0.0,0.0,1.0,1.0,9.0,0.0,8.0,9.0,2013.0,1.0,21.0,18.0,1.0,2.0,3.0,SR-79,,337.0,33.95451111,-86.58696389,0.0,1.0,0.0,0.0,1.0,1.0,0.0,4.0,2.0,1.0,0.0,1.0,0.0,0000000,99.0,99.0,21.0,20.0,88.0,88.0,20.0,0.0,0.0,1.0,0.0