STATE,ST_CASE,VE_TOTAL,VE_FORMS,PVH_INVL,PEDS,PERNOTMVIT,PERMVIT,PERSONS,COUNTY,CITY,DAY,MONTH,YEAR,DAY_WEEK,HOUR,MINUTE,NHS,ROAD_FNC,ROUTE,TWAY_ID,TWAY_ID2,MILEPT,LATITUDE,LONGITUD,SP_JUR,HARM_EV,MAN_COLL,RELJCT1,RELJCT2,TYP_INT,WRK_ZONE,REL_ROAD,LGT_COND,WEATHER1,WEATHER2,WEATHER,SCH_BUS,RAIL,NOT_HOUR,NOT_MIN,ARR_HOUR,ARR_MIN,HOSP_HR,HOSP_MN,CF1,CF2,CF3,FATALS,DRUNK_DR
1.0,10496.0,1.0,1.0,0.0,0.0,0.0,1.0,1.0,127.0,0.0,10.0,9.0,2013.0,3.0,20.0,15.0,0.0,4.0,3.0,SR-269,,370.0,33.77331944,-87.27419722,0.0,34.0,0.0,0.0,1.0,1.0,0.0,4.0,2.0,10.0,0.0,10.0,0.0,0000000,99.0,99.0,20.0,30.0,88.0,88.0,0.0,0.0,0.0,1.0,1.0
1.0,10497.0,2.0,2.0,0.0,0.0,0.0,3.0,3.0,73.0,350.0,9.0,9.0,2013.0,2.0,12.0,16.0,1.0,13.0,2.0,US-SR 38,CAHABA PARK CIRCLE WEST,0.0,33.42823056,-86.70723056,0.0,12.0,6.0,0.0,2.0,2.0,1.0,1.0,1.0,1.0,0.0,1.0,0.0,0000000,99.0,99.0,12.0,21.0,88.0,88.0,0.0,0.0,0.0,2.0,0.0
1.0,10498.0,3.0,3.0,0.0,0.0,0.0,4.0,4.0,97.0,0.0,11.0,9.0,2013.0,4.0,19.0,40.0,0.0,14.0,4.0,CR-SNOW ROAD,,0.0,30.65975556,-88.27354722,0.0,12.0,2.0,0.0,1.0,1.0,0.0,1.0,2.0,1.0,0.0,1.0,0.0,0000000,99.0,99.0,19.0,54.0,99.0,99.0,0.0,0.0,0.0,1.0,0.0
1.0,10499.0,1.0,1.0,0.0,0.0,0.0,4.0,4.0,117.0,0.0,13.0,9.0,2013.0,6.0,2.0,0.0,0.0,5.0,4.0,CR-41,,0.0,33.47291944,-86.57421111,0.0,42.0,0.0,0.0,1.0,1.0,0.0,4.0,2.0,1.0,0.0,1.0,0.0,0000000,99.0,99.0,2.0,12.0,99.0,99.0,0.0,0.0,0.0,1.0,0.0
1.0,10500.0,1.0,1.0,0.0,0.0,0.0,1.0,1.0,77.0,0.0,13.0,9.0,2013.0,6.0,18.0,55.0,0.0,4.0,3.0,SR-64,,15.0,34.93353333,-87.50484444,0.0,34.0,0.0,0.0,1.0,1.0,0.0,4.0,2.0,1.0,0.0,1.0,0.0,0000000,99.0,99.0,19.0,4.0,88.0,88.0,0.0,0.0,0.0,1.0,0.0
1.0,10501.0,2.0,2.0,0.0,0.0,0.0,3.0,3.0,117.0,0.0,14.0,9.0,2013.0,7.0,18.0,30.0,1.0,13.0,2.0,US-SR 38,CR-39,159.0,33.35119722,-86.61070833,0.0,12.0,6.0,0.0,2.0,2.0,0.0,1.0,1.0,1.0,0.0,1.0,0.0,0000000,99.0,99.0,18.0,40.0,99.0,99.0,0.0,0.0,0.0,1.0,0.0
1.0,10502.0,1.0,1.0,0.0,0.0,0.0,1.0,1.0,103.0,0.0,15.0,9.0,2013.0,1.0,2.0,0.0,0.0,4.0,4.0,CR-IRON MAN RD,,0.0,34.44433333,-87.015675,0.0,32.0,0.0,0.0,1.0,1.0,0.0,4.0,2.0,1.0,0.0,1.0,0.0,0000000,99.0,99.0,6.0,45.0,88.0,88.0,0.0,0.0,0.0,1.0,1.0
1.0,10503.0,1.0,1.0,0.0,1.0,1.0,1.0,1.0,97.0,0.0,16.0,9.0,2013.0,2.0,1.0,30.0,0.0,3.0,3.0,SR-217,,79.0,30.80063611,-88.23969444,0.0,8.0,0.0,0.0,1.0,1.0,0.0,1.0,2.0,1.0,0.0,1.0,0.0,0000000,99.0,99.0,1.0,43.0,88.0,88.0,0.0,0.0,0.0,1.0,0.0
1.0,10504.0,2.0,2.0,0.0,0.0,0.0,2.0,2.0,19.0,0.0,16.0,9.0,2013.0,2.0,8.0,5.0,0.0,3.0,2.0,US-SR 25,CR-34,2506.0,34.10263056,-85.53442778,0.0,12.0,6.0,0.0,2.0,2.0,0.0,1.0,1.0,5.0,0.0,5.0,0.0,0000000,99.0,99.0,8.0,9.0,99.0,99.0,0.0,0.0,0.0,1.0,0.0
1.0,10505.0,2.0,2.0,0.0,0.0,0.0,2.0,2.0,125.0,0.0,16.0,9.0,2013.0,2.0,7.0,36.0,0.0,6.0,4.0,CR-DOUGLAS DR,ROYAL DR,0.0,33.29043611,-87.13188333,0.0,12.0,2.0,0.0,3.0,3.0,0.0,1.0,1.0,1.0,0.0,1.0,0.0,0000000,99.0,99.0,9.0,5.0,99.0,99.0,0.0,0.0,0.0,1.0,0.0
1.0,10506.0,2.0,2.0,0.0,0.0,0.0,2.0,2.0,13.0,0.0,17.0,9.0,2013.0,3.0,5.0,40.0,0.0,3.0,3.0,SR-263,,36.0,31.92600556,-86.69363333,0.0,12.0,6.0,0.0,8.0,1.0,0.0,1.0,2.0,1.0,0.0,1.0,0.0,0000000,99.0,99.0,5.0,55.0,88.0,88.0,0.0,0.0,0.0,1.0,1.0
1.0,10507.0,2.0,2.0,0.0,0.0,0.0,2.0,2.0,3.0,1210.0,17.0,9.0,2013.0,3.0,20.0,53.0,0.0,3.0,6.0,FOLEY BEACH EXPRESS,CR-12,0.0,30.35572222,-87.65423611,0.0,12.0,6.0,0.0,2.0,2.0,0.0,1.0,2.0,1.0,0.0,1.0,0.0,0000000,99.0,99.0,99.0,99.0,88.0,88.0,0.0,0.0,0.0,1.0,0.0
1.0,10508.0,1.0,1.0,0.0,0.0,0.0,1.0,1.0,97.0,0.0,19.0,9.0,2013.0,5.0,12.0,20.0,1.0,1.0,1.0,I-10,,147.0,30.571375,-88.18621667,0.0,1.0,0.0,0.0,1.0,1.0,0.0,3.0,1.0,1.0,0.0,1.0,0.0,0000000,99.0,99.0,99.0,99.0,88.0,88.0,0.0,0.0,0.0,1.0,0.0
1.0,10509.0,2.0,2.0,0.0,0.0,0.0,3.0,3.0,3.0,0.0,20.0,9.0,2013.0,6.0,7.0,15.0,0.0,3.0,3.0,SR-181,CR-24,25.0,30.4431,-87.8524,0.0,12.0,6.0,0.0,2.0,2.0,0.0,1.0,1.0,1.0,0.0,1.0,0.0,0000000,99.0,99.0,7.0,28.0,88.0,88.0,0.0,0.0,0.0,1.0,0.0
1.0,10510.0,1.0,1.0,0.0,0.0,0.0,6.0,6.0,115.0,9997.0,21.0,9.0,2013.0,7.0,18.0,15.0,0.0,6.0,6.0,CARRINGTON LAKES PKWY,HIGHLAND TRACE,0.0,33.64154167,-86.53002222,0.0,1.0,0.0,0.0,2.0,2.0,0.0,1.0,5.0,10.0,0.0,10.0,0.0,0000000,99.0,99.0,18.0,24.0,99.0,99.0,0.0,0.0,0.0,1.0,0.0
1.0,10511.0,1.0,1.0,0.0,0.0,0.0,1.0,1.0,121.0,2910.0,22.0,9.0,2013.0,1.0,0.0,54.0,1.0,14.0,3.0,SR-21,,2323.0,33.44450278,-86.07552222,0.0,32.0,0.0,0.0,1.0,1.0,0.0,4.0,3.0,1.0,0.0,1.0,0.0,0000000,99.0,99.0,1.0,3.0,88.0,88.0,0.0,0.0,0.0,1.0,1.0
1.0,10512.0,1.0,1.0,0.0,0.0,0.0,1.0,1.0,101.0,0.0,24.0,9.0,2013.0,3.0,19.0,55.0,1.0,2.0,2.0,US-SR 53,,984.0,32.09956389,-86.06519722,0.0,42.0,0.0,0.0,1.0,1.0,0.0,4.0,2.0,2.0,0.0,2.0,0.0,0000000,99.0,99.0,20.0,0.0,88.0,88.0,0.0,0.0,0.0,1.0,0.0
1.0,10513.0,4.0,4.0,0.0,0.0,0.0,4.0,4.0,83.0,9997.0,25.0,9.0,2013.0,4.0,16.0,6.0,1.0,11.0,1.0,I-565,,10.0,34.63139722,-86.88431944,0.0,12.0,7.0,0.0,1.0,1.0,0.0,1.0,1.0,1.0,0.0,1.0,0.0,0000000,99.0,99.0,16.0,30.0,99.0,99.0,0.0,0.0,0.0,2.0,0.0
1.0,10514.0,1.0,1.0,0.0,0.0,0.0,2.0,2.0,73.0,1110.0,20.0,7.0,2013.0,7.0,0.0,25.0,1.0,11.0,1.0,I-20,,1180.0,33.48193889,-86.91969167,0.0,34.0,0.0,1.0,5.0,1.0,0.0,4.0,3.0,98.0,0.0,98.0,0.0,0000000,99.0,99.0,0.0,33.0,88.0,88.0,0.0,0.0,0.0,1.0,0.0
1.0,10515.0,2.0,2.0,0.0,0.0,0.0,4.0,4.0,21.0,700.0,30.0,9.0,2013.0,2.0,14.0,59.0,0.0,3.0,3.0,SR-145,OLLIE AVE,6.0,32.84962222,-86.62302222,0.0,12.0,6.0,0.0,2.0,3.0,0.0,1.0,1.0,1.0,0.0,1.0,0.0,0000000,99.0,99.0,13.0,3.0,99.0,99.0,0.0,0.0,0.0,1.0,0.0
1.0,10516.0,2.0,2.0,0.0,0.0,0.0,2.0,2.0,97.0,2100.0,11.0,9.0,2013.0,4.0,15.0,0.0,1.0,13.0,2.0,US-SR 16,FRANKLIN ST,114.0,30.68869444,-88.04560278,0.0,12.0,6.0,0.0,2.0,2.0,0.0,1.0,1.0,1.0,0.0,1.0,0.0,0000000,99.0,99.0,15.0,1.0,99.0,99.0,0.0,0.0,0.0,1.0,0.0
1.0,10517.0,2.0,2.0,0.0,0.0,0.0,2.0,2.0,111.0,3230.0,16.0,9.0,2013.0,2.0,6.0,55.0,1.0,2.0,2.0,US-SR 1,CR-333,1932.0,33.29026111,-85.47501111,0.0,12.0,6.0,0.0,2.0,2.0,0.0,1.0,1.0,1.0,0.0,1.0,0.0,0000000,99.0,99.0,7.0,5.0,99.0,99.0,0.0,0.0,0.0,1.0,0.0
1.0,10518.0,2.0,2.0,0.0,0.0,0.0,2.0,2.0,125.0,2260.0,22.0,9.0,2013.0,1.0,12.0,11.0,0.0,14.0,4.0,CR-ROSE BLVD,,0.0,33.25625278,-87.64326111,0.0,12.0,6.0,0.0,1.0,1.0,0.0,1.0,1.0,1.0,0.0,1.0,0.0,0000000,99.0,99.0,12.0,24.0,99.0,99.0,0.0,0.0,0.0,1.0,0.0
1.0,10519.0,2.0,2.0,0.0,1.0,1.0,2.0,2.0,3.0,0.0,23.0,9.0,2013.0,2.0,23.0,15.0,0.0,3.0,4.0,CR-32,,0.0,30.47327222,-87.79120833,0.0,8.0,0.0,0.0,1.0,1.0,0.0,1.0,2.0,10.0,0.0,10.0,0.0,0000000,99.0,99.0,23.0,30.0,88.0,88.0,0.0,0.0,0.0,1.0,0.0
1.0,10520.0,4.0,4.0,0.0,0.0,0.0,5.0,5.0,83.0,9997.0,25.0,9.0,2013.0,4.0,19.0,30.0,1.0,11.0,1.0,I-565,,5.0,34.62915556,-86.8952,0.0,12.0,1.0,0.0,1.0,1.0,0.0,1.0,1.0,1.0,0.0,1.0,0.0,0000000,99.0,99.0,19.0,55.0,99.0,99.0,19.0,0.0,0.0,1.0,2.0
1.0,10521.0,2.0,2.0,0.0,0.0,0.0,2.0,2.0,117.0,47.0,26.0,9.0,2013.0,5.0,14.0,30.0,0.0,14.0,2.0,US-SR 3,,2480.0,33.208225,-86.78255,0.0,12.0,6.0,0.0,1.0,1.0,0.0,1.0,1.0,1.0,0.0,1.0,0.0,0000000,99.0,99.0,14.0,39.0,99.0,99.0,0.0,0.0,0.0,1.0,0.0
1.0,10522.0,1.0,1.0,0.0,0.0,0.0,1.0,1.0,113.0,2440.0,29.0,9.0,2013.0,1.0,1.0,25.0,1.0,13.0,6.0,14TH ST,,0.0,32.47294722,-85.01320833,0.0,53.0,0.0,0.0,1.0,1.0,0.0,4.0,3.0,1.0,0.0,1.0,0.0,0000000,99.0,99.0,1.0,34.0,99.0,99.0,20.0,0.0,0.0,1.0,0.0
1.0,10523.0,2.0,2.0,0.0,0.0,0.0,3.0,3.0,7.0,0.0,27.0,9.0,2013.0,6.0,5.0,45.0,0.0,3.0,3.0,SR-25,,977.0,32.99438611,-87.05835556,0.0,12.0,2.0,0.0,1.0,1.0,0.0,1.0,2.0,1.0,0.0,1.0,0.0,0000000,99.0,99.0,5.0,58.0,99.0,99.0,0.0,0.0,0.0,1.0,1.0
1.0,10524.0,2.0,2.0,0.0,0.0,0.0,2.0,2.0,47.0,0.0,27.0,9.0,2013.0,6.0,17.0,30.0,0.0,3.0,3.0,SR-22,CR-16,310.0,32.50499444,-86.98961667,0.0,12.0,6.0,0.0,2.0,3.0,0.0,1.0,1.0,1.0,0.0,1.0,0.0,0000000,99.0,99.0,17.0,45.0,99.0,99.0,0.0,0.0,0.0,1.0,0.0
1.0,10525.0,2.0,2.0,0.0,0.0,0.0,3.0,3.0,97.0,2100.0,28.0,9.0,2013.0,7.0,17.0,32.0,1.0,13.0,2.0,US-SR 16,,175.0,30.58721667,-88.16963333,0.0,12.0,6.0,0.0,8.0,1.0,0.0,1.0,1.0,1.0,0.0,1.0,0.0,0000000,99.0,99.0,17.0,45.0,99.0,99.0,0.0,0.0,0.0,1.0,1.0
1.0,10526.0,3.0,3.0,0.0,0.0,0.0,4.0,4.0,47.0,0.0,28.0,9.0,2013.0,7.0,21.0,21.0,0.0,3.0,3.0,SR-22,,191.0,32.38513333,-87.085875,0.0,12.0,1.0,0.0,1.0,1.0,0.0,1.0,3.0,1.0,0.0,1.0,0.0,0000000,99.0,99.0,21.0,40.0,99.0,99.0,0.0,0.0,0.0,1.0,1.0
1.0,10527.0,2.0,2.0,0.0,0.0,0.0,2.0,2.0,25.0,0.0,30.0,9.0,2013.0,2.0,10.0,30.0,1.0,2.0,2.0,US-SR 12,,486.0,31.66068333,-87.72369444,0.0,12.0,6.0,0.0,1.0,1.0,0.0,1.0,1.0,2.0,0.0,2.0,0.0,0000000,99.0,99.0,10.0,40.0,99.0,99.0,0.0,0.0,0.0,1.0,0.0
1.0,10528.0,1.0,1.0,0.0,0.0,0.0,1.0,1.0,35.0,1080.0,1.0,10.0,2013.0,3.0,10.0,29.0,1.0,2.0,2.0,US-SR 12,,945.0,99.9999,999.9999,0.0,35.0,0.0,0.0,1.0,1.0,0.0,4.0,1.0,10.0,0.0,10.0,0.0,0000000,99.0,99.0,10.0,44.0,88.0,88.0,0.0,0.0,0.0,1.0,0.0
1.0,10529.0,1.0,1.0,0.0,1.0,1.0,1.0,1.0,97.0,0.0,2.0,10.0,2013.0,4.0,5.0,55.0,1.0,2.0,2.0,US-SR 13,,146.0,30.93633056,-88.02483611,0.0,8.0,0.0,0.0,1.0,1.0,0.0,1.0,2.0,10.0,0.0,10.0,0.0,0000000,99.0,99.0,6.0,15.0,88.0,88.0,0.0,0.0,0.0,1.0,0.0
1.0,10530.0,1.0,1.0,0.0,0.0,0.0,1.0,1.0,121.0,0.0,6.0,10.0,2013.0,1.0,23.0,41.0,1.0,2.0,3.0,SR-77,,728.0,33.55873333,-86.12645833,0.0,32.0,0.0,0.0,1.0,1.0,0.0,4.0,2.0,2.0,0.0,2.0,0.0,0000000,99.0,99.0,23.0,53.0,99.0,99.0,0.0,0.0,0.0,1.0,1.0
1.0,10531.0,1.0,1.0,0.0,0.0,0.0,2.0,2.0,55.0,1280.0,16.0,10.0,2013.0,4.0,12.0,31.0,0.0,14.0,6.0,FORREST AVE,,0.0,34.01855833,-86.05825278,0.0,42.0,0.0,0.0,1.0,1.0,0.0,4.0,1.0,10.0,0.0,10.0,0.0,0000000,99.0,99.0,12.0,35.0,99.0,99.0,0.0,0.0,0.0,1.0,0.0
1.0,10532.0,1.0,1.0,0.0,0.0,0.0,1.0,1.0,97.0,2100.0,18.0,10.0,2013.0,6.0,19.0,15.0,0.0,16.0,6.0,ROSEDALE ROAD,,0.0,30.62343889,-88.07372778,0.0,34.0,0.0,0.0,1.0,1.0,0.0,4.0,2.0,1.0,0.0,1.0,0.0,0000000,99.0,99.0,19.0,22.0,88.0,88.0,0.0,0.0,0.0,1.0,0.0
1.0,10533.0,1.0,1.0,0.0,0.0,0.0,1.0,1.0,3.0,0.0,1.0,10.0,2013.0,3.0,10.0,25.0,0.0,4.0,4.0,CR-40,,0.0,30.79942778,-87.84015833,0.0,35.0,0.0,0.0,1.0,1.0,0.0,4.0,1.0,1.0,0.0,1.0,0.0,0000000,99.0,99.0,10.0,39.0,88.0,88.0,0.0,0.0,0.0,1.0,0.0
1.0,10534.0,1.0,1.0,0.0,0.0,0.0,1.0,1.0,45.0,0.0,1.0,10.0,2013.0,3.0,21.0,0.0,1.0,2.0,2.0,US-SR 53,,560.0,31.59019444,-85.77775,0.0,1.0,0.0,0.0,1.0,1.0,0.0,4.0,2.0,1.0,0.0,1.0,0.0,0000000,99.0,99.0,21.0,25.0,88.0,88.0,20.0,0.0,0.0,1.0,1.0
1.0,10535.0,1.0,1.0,0.0,0.0,0.0,1.0,1.0,77.0,0.0,2.0,10.0,2013.0,4.0,7.0,0.0,0.0,14.0,3.0,SR-17,,3388.0,34.89115833,-87.67164722,0.0,34.0,0.0,0.0,1.0,1.0,0.0,4.0,1.0,1.0,0.0,1.0,0.0,0000000,99.0,99.0,7.0,10.0,88.0,88.0,0.0,0.0,0.0,1.0,0.0
1.0,10536.0,1.0,1.0,0.0,0.0,0.0,1.0,1.0,101.0,2130.0,2.0,10.0,2013.0,4.0,19.0,10.0,1.0,11.0,1.0,I-65,,1690.0,32.33781389,-86.32990278,0.0,38.0,0.0,0.0,1.0,1.0,0.0,4.0,3.0,1.0,0.0,1.0,0.0,0000000,99.0,99.0,19.0,19.0,88.0,88.0,0.0,0.0,0.0,1.0,0.0
1.0,10537.0,1.0,1.0,0.0,0.0,0.0,1.0,1.0,79.0,0.0,3.0,10.0,2013.0,5.0,23.0,15.0,0.0,4.0,3.0,SR-33,,158.0,34.35108889,-87.3354,0.0,2.0,0.0,0.0,1.0,1.0,0.0,4.0,2.0,1.0,0.0,1.0,0.0,0000000,88.0,88.0,88.0,88.0,88.0,88.0,0.0,0.0,0.0,1.0,0.0
1.0,10538.0,2.0,2.0,0.0,0.0,0.0,3.0,3.0,113.0,2440.0,4.0,10.0,2013.0,6.0,13.0,41.0,1.0,13.0,2.0,US-SR 1,,1155.0,32.49506389,-85.04058889,0.0,12.0,6.0,0.0,8.0,1.0,0.0,1.0,1.0,1.0,0.0,1.0,0.0,0000000,99.0,99.0,13.0,50.0,99.0,99.0,0.0,0.0,0.0,1.0,0.0
1.0,10539.0,1.0,1.0,0.0,0.0,0.0,1.0,1.0,83.0,0.0,4.0,10.0,2013.0,6.0,3.0,30.0,0.0,6.0,4.0,CR-PRYOR RD,,0.0,34.61439167,-86.84441111,0.0,34.0,0.0,0.0,1.0,1.0,0.0,4.0,2.0,1.0,0.0,1.0,0.0,0000000,99.0,99.0,15.0,45.0,88.0,88.0,0.0,0.0,0.0,1.0,0.0
1.0,10540.0,2.0,2.0,0.0,1.0,1.0,1.0,1.0,23.0,0.0,4.0,10.0,2013.0,6.0,9.0,40.0,0.0,3.0,3.0,SR-17,,950.0,31.92330278,-88.30310278,0.0,8.0,0.0,0.0,1.0,1.0,0.0,1.0,1.0,1.0,0.0,1.0,0.0,0000000,99.0,99.0,9.0,56.0,99.0,99.0,14.0,0.0,0.0,1.0,0.0
1.0,10541.0,1.0,1.0,0.0,0.0,0.0,1.0,1.0,47.0,0.0,5.0,10.0,2013.0,7.0,15.0,40.0,0.0,4.0,4.0,CR-85,,0.0,32.14601389,-86.96041389,0.0,34.0,0.0,0.0,1.0,1.0,0.0,4.0,1.0,1.0,0.0,1.0,0.0,0000000,99.0,99.0,16.0,0.0,88.0,88.0,0.0,0.0,0.0,1.0,1.0
1.0,10542.0,1.0,1.0,0.0,0.0,0.0,1.0,1.0,101.0,0.0,5.0,10.0,2013.0,7.0,19.0,30.0,0.0,4.0,4.0,CR-LOWER DUBLIN ROAD,,0.0,32.03608056,-86.19639444,0.0,1.0,0.0,0.0,1.0,1.0,0.0,4.0,2.0,10.0,0.0,10.0,0.0,0000000,99.0,99.0,19.0,50.0,99.0,99.0,0.0,0.0,0.0,1.0,1.0
1.0,10543.0,1.0,1.0,0.0,1.0,1.0,1.0,1.0,103.0,0.0,5.0,10.0,2013.0,7.0,19.0,45.0,0.0,5.0,4.0,CR-LAWRENCE COVE ROAD,,0.0,34.35926389,-86.70208056,0.0,49.0,0.0,0.0,1.0,1.0,0.0,1.0,2.0,1.0,0.0,1.0,0.0,0000000,99.0,99.0,20.0,10.0,99.0,99.0,0.0,0.0,0.0,1.0,0.0
1.0,10544.0,1.0,1.0,0.0,1.0,1.0,1.0,1.0,103.0,0.0,5.0,10.0,2013.0,7.0,10.0,15.0,1.0,2.0,3.0,SR-24,,653.0,34.56830833,-87.09438611,0.0,8.0,0.0,0.0,1.0,1.0,0.0,4.0,1.0,1.0,0.0,1.0,0.0,0000000,99.0,99.0,10.0,20.0,99.0,99.0,0.0,0.0,0.0,1.0,1.0
1.0,10545.0,1.0,1.0,0.0,0.0,0.0,2.0,2.0,33.0,0.0,6.0,10.0,2013.0,1.0,1.0,0.0,0.0,5.0,4.0,CR-77,,0.0,34.64638333,-87.61683611,0.0,32.0,0.0,0.0,1.0,1.0,0.0,4.0,2.0,10.0,0.0,10.0,0.0,0000000,99.0,99.0,10.0,25.0,88.0,88.0,0.0,0.0,0.0,2.0,0.0
1.0,10546.0,1.0,1.0,0.0,0.0,0.0,1.0,1.0,85.0,0.0,7.0,10.0,2013.0,2.0,14.0,30.0,0.0,4.0,4.0,CR-7,,0.0,32.11116111,-86.84730278,0.0,1.0,0.0,0.0,1.0,1.0,0.0,4.0,1.0,1.0,0.0,1.0,0.0,0000000,99.0,99.0,15.0,20.0,88.0,88.0,0.0,0.0,0.0,1.0,0.0
1.0,10547.0,1.0,1.0,0.0,0.0,0.0,1.0,1.0,35.0,0.0,7.0,10.0,2013.0,2.0,14.0,59.0,1.0,2.0,2.0,US-SR 12,,1143.0,31.41253056,-86.75382778,0.0,35.0,0.0,0.0,1.0,1.0,0.0,4.0,1.0,1.0,0.0,1.0,0.0,0000000,99.0,99.0,16.0,45.0,88.0,88.0,0.0,0.0,0.0,1.0,0.0
1.0,10548.0,1.0,1.0,0.0,0.0,0.0,1.0,1.0,131.0,0.0,8.0,10.0,2013.0,3.0,13.0,45.0,1.0,2.0,3.0,SR-5,,250.0,32.16775556,-87.49394444,0.0,1.0,0.0,0.0,1.0,1.0,0.0,4.0,1.0,1.0,0.0,1.0,0.0,0000000,99.0,99.0,14.0,43.0,88.0,88.0,0.0,0.0,0.0,1.0,0.0
1.0,10549.0,1.0,1.0,0.0,0.0,0.0,1.0,1.0,45.0,0.0,9.0,10.0,2013.0,4.0,20.0,53.0,0.0,6.0,4.0,CR-41,,0.0,31.58200556,-85.49083333,0.0,35.0,0.0,0.0,1.0,1.0,0.0,4.0,2.0,1.0,0.0,1.0,0.0,0000000,99.0,99.0,21.0,6.0,88.0,88.0,0.0,0.0,0.0,1.0,1.0
1.0,10550.0,2.0,2.0,0.0,0.0,0.0,2.0,2.0,9.0,0.0,10.0,10.0,2013.0,5.0,21.0,38.0,1.0,2.0,3.0,SR-79,,227.0,33.84261944,-86.66473889,0.0,12.0,6.0,0.0,1.0,1.0,0.0,1.0,2.0,1.0,0.0,1.0,0.0,0000000,99.0,99.0,21.0,43.0,99.0,99.0,0.0,0.0,0.0,1.0,1.0
1.0,10551.0,1.0,1.0,0.0,0.0,0.0,1.0,1.0,89.0,0.0,10.0,10.0,2013.0,5.0,11.0,20.0,0.0,6.0,4.0,CR-WALT CAMPBELL ROAD,,0.0,34.94363611,-86.53519722,0.0,42.0,0.0,0.0,1.0,1.0,0.0,4.0,1.0,1.0,0.0,1.0,0.0,0000000,88.0,88.0,88.0,88.0,88.0,88.0,0.0,0.0,0.0,1.0,0.0
1.0,10552.0,2.0,2.0,0.0,0.0,0.0,2.0,2.0,97.0,2100.0,11.0,10.0,2013.0,6.0,10.0,18.0,1.0,13.0,6.0,UNIVERSITY BLVD,ZEIGLER BLVD,0.0,30.711175,-88.17006667,0.0,12.0,6.0,0.0,2.0,2.0,0.0,1.0,1.0,1.0,0.0,1.0,0.0,0000000,99.0,99.0,10.0,24.0,99.0,99.0,0.0,0.0,0.0,1.0,0.0
1.0,10553.0,1.0,1.0,0.0,0.0,0.0,1.0,1.0,43.0,0.0,12.0,10.0,2013.0,7.0,14.0,32.0,1.0,1.0,1.0,I-65,,3165.0,34.29394722,-86.91136944,0.0,24.0,0.0,0.0,1.0,1.0,0.0,3.0,1.0,1.0,0.0,1.0,0.0,0000000,99.0,99.0,14.0,51.0,88.0,88.0,0.0,0.0,0.0,1.0,0.0
1.0,10554.0,1.0,1.0,0.0,1.0,1.0,1.0,1.0,87.0,0.0,12.0,10.0,2013.0,7.0,22.0,15.0,1.0,1.0,1.0,I-85,,223.0,32.40746667,-85.95739167,0.0,8.0,0.0,0.0,1.0,1.0,0.0,1.0,3.0,1.0,0.0,1.0,0.0,0000000,99.0,99.0,22.0,35.0,88.0,88.0,0.0,0.0,0.0,1.0,0.0
1.0,10555.0,1.0,1.0,0.0,0.0,0.0,1.0,1.0,85.0,1605.0,14.0,10.0,2013.0,2.0,0.0,0.0,0.0,5.0,4.0,CR-2,,0.0,32.16923889,-86.64913611,0.0,42.0,0.0,0.0,1.0,1.0,0.0,4.0,2.0,1.0,0.0,1.0,0.0,0000000,99.0,99.0,7.0,0.0,88.0,88.0,0.0,0.0,0.0,1.0,1.0
1.0,10556.0,2.0,2.0,0.0,0.0,0.0,2.0,2.0,113.0,2440.0,16.0,10.0,2013.0,4.0,6.0,20.0,1.0,13.0,2.0,US-SR 1,,1116.0,32.45309167,-85.01283889,0.0,12.0,2.0,0.0,1.0,1.0,0.0,1.0,3.0,1.0,0.0,1.0,0.0,0000000,99.0,99.0,6.0,27.0,99.0,99.0,0.0,0.0,0.0,1.0,0.0
1.0,10557.0,1.0,1.0,0.0,1.0,1.0,3.0,3.0,69.0,930.0,17.0,10.0,2013.0,5.0,19.0,40.0,1.0,13.0,3.0,SR-210,,0.0,31.21794722,-85.43140278,0.0,8.0,0.0,0.0,1.0,1.0,0.0,1.0,3.0,10.0,0.0,10.0,0.0,0000000,99.0,99.0,19.0,46.0,99.0,99.0,0.0,0.0,0.0,1.0,0.0