STATE,ST_CASE,VE_TOTAL,VE_FORMS,PVH_INVL,PEDS,PERNOTMVIT,PERMVIT,PERSONS,COUNTY,CITY,DAY,MONTH,YEAR,DAY_WEEK,HOUR,MINUTE,NHS,ROAD_FNC,ROUTE,TWAY_ID,TWAY_ID2,MILEPT,LATITUDE,LONGITUD,SP_JUR,HARM_EV,MAN_COLL,RELJCT1,RELJCT2,TYP_INT,WRK_ZONE,REL_ROAD,LGT_COND,WEATHER1,WEATHER2,WEATHER,SCH_BUS,RAIL,NOT_HOUR,NOT_MIN,ARR_HOUR,ARR_MIN,HOSP_HR,HOSP_MN,CF1,CF2,CF3,FATALS,DRUNK_DR
1.0,10681.0,2.0,2.0,0.0,0.0,0.0,2.0,2.0,113.0,0.0,27.0,11.0,2013.0,4.0,23.0,56.0,1.0,2.0,2.0,US-SR 8,,2037.0,32.45338611,-85.20766389,0.0,12.0,2.0,0.0,1.0,1.0,0.0,1.0,2.0,1.0,0.0,1.0,0.0,0000000,99.0,99.0,0.0,20.0,88.0,88.0,0.0,0.0,0.0,1.0,0.0
1.0,10682.0,2.0,2.0,0.0,0.0,0.0,2.0,2.0,77.0,1865.0,4.0,12.0,2013.0,4.0,9.0,17.0,0.0,15.0,3.0,SR-64,,111.0,34.97160833,-87.36097778,0.0,12.0,2.0,0.0,1.0,1.0,0.0,1.0,1.0,10.0,0.0,10.0,0.0,0000000,99.0,99.0,9.0,30.0,99.0,99.0,0.0,0.0,0.0,1.0,0.0
1.0,10683.0,1.0,1.0,0.0,0.0,0.0,2.0,2.0,93.0,1540.0,29.0,12.0,2013.0,1.0,19.0,30.0,0.0,14.0,3.0,SR-17,,2750.0,34.130475,-88.02675556,0.0,42.0,0.0,0.0,1.0,1.0,0.0,4.0,2.0,1.0,0.0,1.0,0.0,0000000,88.0,88.0,88.0,88.0,88.0,88.0,0.0,0.0,0.0,2.0,0.0
1.0,10684.0,2.0,2.0,0.0,0.0,0.0,2.0,2.0,21.0,0.0,3.0,12.0,2013.0,3.0,17.0,0.0,0.0,3.0,2.0,US-SR 3,,2152.0,32.78025,-86.55320278,0.0,12.0,2.0,0.0,1.0,1.0,0.0,1.0,2.0,10.0,0.0,10.0,0.0,0000000,99.0,99.0,17.0,8.0,99.0,99.0,0.0,0.0,0.0,1.0,0.0
1.0,10685.0,1.0,1.0,0.0,0.0,0.0,1.0,1.0,49.0,0.0,4.0,12.0,2013.0,4.0,2.0,40.0,1.0,1.0,1.0,I-59,,2287.0,34.5641,-85.66675278,0.0,42.0,0.0,0.0,1.0,1.0,1.0,4.0,2.0,5.0,0.0,5.0,0.0,0000000,88.0,88.0,88.0,88.0,88.0,88.0,0.0,0.0,0.0,1.0,0.0
1.0,10686.0,3.0,3.0,0.0,0.0,0.0,6.0,6.0,83.0,0.0,5.0,12.0,2013.0,5.0,18.0,10.0,0.0,3.0,3.0,SR-251,,37.0,34.83035278,-86.89232222,0.0,12.0,2.0,0.0,1.0,1.0,0.0,1.0,2.0,2.0,0.0,2.0,0.0,0000000,99.0,99.0,18.0,25.0,88.0,88.0,0.0,0.0,0.0,1.0,0.0
1.0,10687.0,1.0,1.0,0.0,1.0,1.0,1.0,1.0,53.0,0.0,5.0,12.0,2013.0,5.0,17.0,15.0,0.0,3.0,3.0,SR-21,I-65,80.0,31.10979722,-87.47455833,0.0,8.0,0.0,1.0,2.0,2.0,0.0,1.0,2.0,10.0,0.0,10.0,0.0,0000000,99.0,99.0,17.0,29.0,88.0,88.0,23.0,0.0,0.0,1.0,0.0
1.0,10688.0,2.0,2.0,0.0,0.0,0.0,2.0,2.0,15.0,0.0,6.0,12.0,2013.0,6.0,5.0,20.0,0.0,3.0,4.0,CR-109,,0.0,33.66490833,-85.90124722,0.0,12.0,2.0,0.0,1.0,1.0,0.0,1.0,2.0,10.0,0.0,10.0,0.0,0000000,99.0,99.0,99.0,99.0,99.0,99.0,0.0,0.0,0.0,1.0,0.0
1.0,10689.0,1.0,1.0,0.0,0.0,0.0,1.0,1.0,97.0,0.0,7.0,12.0,2013.0,7.0,4.0,10.0,0.0,4.0,4.0,CR-WILMER GEORGETOWN ROAD,,0.0,30.85521667,-88.33576944,0.0,32.0,0.0,0.0,1.0,1.0,0.0,4.0,2.0,2.0,0.0,2.0,0.0,0000000,99.0,99.0,4.0,23.0,99.0,99.0,0.0,0.0,0.0,1.0,1.0
1.0,10690.0,1.0,1.0,0.0,0.0,0.0,1.0,1.0,97.0,2100.0,7.0,12.0,2013.0,7.0,3.0,50.0,0.0,14.0,6.0,COTTAGE HILL ROAD,,0.0,30.64281111,-88.18166389,0.0,42.0,0.0,0.0,1.0,1.0,0.0,4.0,3.0,2.0,0.0,2.0,0.0,0000000,99.0,99.0,3.0,58.0,88.0,88.0,0.0,0.0,0.0,1.0,0.0
1.0,10691.0,1.0,1.0,0.0,0.0,0.0,1.0,1.0,21.0,0.0,8.0,12.0,2013.0,1.0,4.0,50.0,0.0,4.0,4.0,CR-28,,0.0,32.84510556,-86.56757778,0.0,42.0,0.0,0.0,1.0,1.0,0.0,4.0,2.0,2.0,0.0,2.0,0.0,0000000,88.0,88.0,88.0,88.0,88.0,88.0,0.0,0.0,0.0,1.0,1.0
1.0,10692.0,1.0,1.0,0.0,2.0,2.0,1.0,1.0,125.0,0.0,8.0,12.0,2013.0,1.0,19.0,15.0,0.0,3.0,3.0,SR-216,,38.0,33.22821389,-87.42903889,0.0,8.0,0.0,0.0,1.0,1.0,0.0,1.0,2.0,2.0,0.0,2.0,0.0,0000000,99.0,99.0,19.0,20.0,99.0,99.0,0.0,0.0,0.0,1.0,0.0
1.0,10693.0,1.0,1.0,0.0,0.0,0.0,3.0,3.0,73.0,1716.0,8.0,12.0,2013.0,1.0,5.0,0.0,1.0,11.0,1.0,I-65,,2530.0,33.42736944,-86.82063333,0.0,35.0,0.0,0.0,1.0,1.0,0.0,4.0,3.0,2.0,0.0,2.0,0.0,0000000,99.0,99.0,5.0,6.0,99.0,99.0,0.0,0.0,0.0,1.0,1.0
1.0,10694.0,1.0,1.0,0.0,0.0,0.0,2.0,2.0,47.0,0.0,9.0,12.0,2013.0,2.0,8.0,30.0,0.0,4.0,4.0,CR-37,,0.0,32.46362778,-87.04374444,0.0,42.0,0.0,0.0,1.0,1.0,0.0,4.0,1.0,2.0,0.0,2.0,0.0,0000000,99.0,99.0,8.0,45.0,99.0,99.0,0.0,0.0,0.0,1.0,0.0
1.0,10695.0,3.0,3.0,0.0,0.0,0.0,4.0,4.0,51.0,0.0,9.0,12.0,2013.0,2.0,7.0,45.0,0.0,3.0,3.0,SR-14,,1758.0,32.55866111,-86.14487222,0.0,12.0,8.0,0.0,1.0,1.0,0.0,1.0,1.0,2.0,0.0,2.0,1.0,0000000,99.0,99.0,8.0,0.0,99.0,99.0,0.0,0.0,0.0,1.0,0.0
1.0,10696.0,2.0,2.0,0.0,0.0,0.0,3.0,3.0,97.0,0.0,10.0,12.0,2013.0,3.0,4.0,3.0,1.0,1.0,1.0,I-10,,48.0,30.49815556,-88.32568056,0.0,12.0,2.0,0.0,1.0,1.0,0.0,1.0,2.0,2.0,0.0,2.0,0.0,0000000,99.0,99.0,4.0,20.0,88.0,88.0,0.0,0.0,0.0,3.0,1.0
1.0,10697.0,2.0,2.0,0.0,0.0,0.0,5.0,5.0,69.0,930.0,11.0,12.0,2013.0,4.0,17.0,38.0,1.0,13.0,3.0,SR-52,OMUSSEE ROAD,0.0,31.23494444,-85.32558056,0.0,12.0,6.0,0.0,2.0,2.0,0.0,1.0,3.0,1.0,0.0,1.0,0.0,0000000,99.0,99.0,17.0,48.0,99.0,99.0,0.0,0.0,0.0,1.0,0.0
1.0,10698.0,1.0,1.0,0.0,0.0,0.0,1.0,1.0,101.0,0.0,13.0,12.0,2013.0,6.0,7.0,55.0,0.0,4.0,4.0,CR-MERIWEATHER TRAIL,,0.0,32.01098056,-86.14304444,0.0,32.0,0.0,0.0,1.0,1.0,0.0,4.0,1.0,1.0,0.0,1.0,0.0,0000000,99.0,99.0,8.0,2.0,99.0,99.0,0.0,0.0,0.0,1.0,0.0
1.0,10699.0,2.0,2.0,0.0,0.0,0.0,2.0,2.0,51.0,2063.0,13.0,12.0,2013.0,6.0,17.0,27.0,0.0,14.0,3.0,SR-14,,1675.0,32.51727778,-86.37456944,0.0,12.0,1.0,0.0,1.0,1.0,0.0,1.0,3.0,10.0,0.0,10.0,0.0,0000000,99.0,99.0,17.0,36.0,99.0,99.0,0.0,0.0,0.0,1.0,0.0
1.0,10700.0,1.0,1.0,0.0,0.0,0.0,1.0,1.0,83.0,0.0,13.0,12.0,2013.0,6.0,19.0,50.0,0.0,4.0,4.0,CR-CROSS KEY ROAD,,0.0,34.86266111,-86.99855,0.0,32.0,0.0,0.0,1.0,1.0,0.0,4.0,2.0,1.0,0.0,1.0,0.0,0000000,88.0,88.0,88.0,88.0,88.0,88.0,0.0,0.0,0.0,1.0,1.0
1.0,10701.0,1.0,1.0,0.0,0.0,0.0,1.0,1.0,103.0,0.0,14.0,12.0,2013.0,7.0,15.0,15.0,1.0,2.0,3.0,SR-24,,664.0,34.57770278,-87.07890278,0.0,30.0,0.0,0.0,1.0,1.0,0.0,4.0,1.0,2.0,0.0,2.0,0.0,0000000,88.0,88.0,88.0,88.0,88.0,88.0,0.0,0.0,0.0,1.0,0.0
1.0,10702.0,1.0,1.0,0.0,0.0,0.0,1.0,1.0,97.0,2100.0,14.0,12.0,2013.0,7.0,20.0,20.0,1.0,11.0,1.0,I-65,,14.0,30.64499722,-88.11953611,0.0,34.0,0.0,0.0,1.0,1.0,0.0,4.0,3.0,2.0,0.0,2.0,0.0,0000000,99.0,99.0,20.0,30.0,99.0,99.0,0.0,0.0,0.0,1.0,0.0
1.0,10703.0,2.0,2.0,0.0,0.0,0.0,2.0,2.0,73.0,3080.0,17.0,12.0,2013.0,3.0,14.0,5.0,0.0,14.0,2.0,US-SR 7,,1480.0,33.60611389,-86.63216111,0.0,12.0,2.0,0.0,8.0,1.0,0.0,1.0,1.0,1.0,0.0,1.0,0.0,0000000,99.0,99.0,14.0,10.0,88.0,88.0,0.0,0.0,0.0,1.0,0.0
1.0,10704.0,2.0,2.0,0.0,0.0,0.0,6.0,6.0,73.0,350.0,14.0,12.0,2013.0,7.0,19.0,35.0,1.0,13.0,6.0,LAKESHORE PARKWAY,SHANNON OXMOORE ROAD W,0.0,33.43955833,-86.84288333,0.0,30.0,0.0,0.0,3.0,2.0,0.0,3.0,3.0,10.0,0.0,10.0,0.0,0000000,99.0,99.0,19.0,45.0,99.0,99.0,20.0,14.0,0.0,1.0,0.0
1.0,10705.0,2.0,2.0,0.0,1.0,1.0,2.0,2.0,127.0,1780.0,17.0,12.0,2013.0,3.0,18.0,40.0,0.0,14.0,3.0,SR-69,,1990.0,33.82290278,-87.30161111,0.0,8.0,0.0,0.0,1.0,1.0,0.0,1.0,2.0,1.0,0.0,1.0,0.0,0000000,99.0,99.0,18.0,44.0,88.0,88.0,0.0,0.0,0.0,1.0,0.0
1.0,10706.0,1.0,1.0,0.0,0.0,0.0,3.0,3.0,3.0,0.0,18.0,12.0,2013.0,4.0,0.0,50.0,1.0,13.0,2.0,US-SR 3,,135.0,30.77571944,-87.78216111,0.0,42.0,0.0,0.0,1.0,1.0,0.0,4.0,2.0,1.0,0.0,1.0,0.0,0000000,99.0,99.0,1.0,10.0,99.0,99.0,0.0,0.0,0.0,1.0,1.0
1.0,10707.0,2.0,2.0,0.0,0.0,0.0,2.0,2.0,73.0,350.0,18.0,12.0,2013.0,4.0,10.0,45.0,1.0,13.0,2.0,US-SR 78,12TH AVE W,0.0,33.5238,-86.84975556,0.0,12.0,6.0,0.0,2.0,2.0,0.0,1.0,1.0,1.0,0.0,1.0,0.0,0000000,99.0,99.0,11.0,9.0,99.0,99.0,0.0,0.0,0.0,1.0,0.0
1.0,10708.0,1.0,1.0,0.0,0.0,0.0,1.0,1.0,125.0,0.0,19.0,12.0,2013.0,5.0,6.0,41.0,1.0,1.0,1.0,I-59,,862.0,33.18840278,-87.29764722,0.0,59.0,0.0,1.0,19.0,1.0,0.0,4.0,4.0,1.0,0.0,1.0,0.0,0000000,88.0,88.0,88.0,88.0,88.0,88.0,0.0,0.0,0.0,1.0,0.0
1.0,10709.0,1.0,1.0,0.0,0.0,0.0,1.0,1.0,53.0,0.0,19.0,12.0,2013.0,5.0,14.0,52.0,0.0,6.0,4.0,CR-JERKINS LOOP,,0.0,31.03423889,-87.39572222,0.0,1.0,0.0,0.0,1.0,1.0,0.0,4.0,9.0,99.0,0.0,99.0,0.0,0000000,99.0,99.0,16.0,30.0,88.0,88.0,0.0,0.0,0.0,1.0,0.0
1.0,10710.0,1.0,1.0,0.0,0.0,0.0,5.0,5.0,11.0,0.0,20.0,12.0,2013.0,6.0,6.0,25.0,0.0,5.0,4.0,CR-89,,0.0,32.09857778,-85.45874722,0.0,1.0,0.0,0.0,1.0,1.0,0.0,1.0,1.0,1.0,0.0,1.0,0.0,0000000,99.0,99.0,6.0,51.0,99.0,99.0,0.0,0.0,0.0,3.0,0.0
1.0,10711.0,2.0,2.0,0.0,0.0,0.0,4.0,4.0,19.0,0.0,20.0,12.0,2013.0,6.0,14.0,50.0,1.0,2.0,3.0,SR-35,,79.0,34.33574167,-85.56997778,0.0,12.0,2.0,0.0,1.0,1.0,0.0,1.0,1.0,1.0,0.0,1.0,0.0,0000000,99.0,99.0,15.0,10.0,99.0,99.0,0.0,0.0,0.0,3.0,0.0
1.0,10712.0,1.0,1.0,0.0,0.0,0.0,3.0,3.0,73.0,350.0,21.0,12.0,2013.0,7.0,0.0,55.0,0.0,14.0,6.0,PALISADES DR,,0.0,33.47146667,-86.82093333,0.0,33.0,0.0,0.0,1.0,1.0,0.0,3.0,3.0,1.0,0.0,1.0,0.0,0000000,99.0,99.0,1.0,10.0,99.0,99.0,0.0,0.0,0.0,1.0,1.0
1.0,10713.0,2.0,2.0,0.0,0.0,0.0,2.0,2.0,113.0,2440.0,21.0,12.0,2013.0,7.0,16.0,3.0,1.0,12.0,2.0,US-SR 8,RIVERCHASE DR,2175.0,32.50494722,-85.00500556,0.0,12.0,6.0,1.0,5.0,1.0,0.0,1.0,1.0,10.0,0.0,10.0,0.0,0000000,99.0,99.0,16.0,15.0,99.0,99.0,0.0,0.0,0.0,1.0,0.0
1.0,10714.0,1.0,1.0,0.0,0.0,0.0,3.0,3.0,49.0,0.0,21.0,12.0,2013.0,7.0,23.0,35.0,0.0,4.0,4.0,CR-43,,0.0,34.49683889,-85.96542222,0.0,59.0,0.0,0.0,1.0,1.0,0.0,2.0,2.0,10.0,0.0,10.0,0.0,0000000,99.0,99.0,23.0,53.0,99.0,99.0,0.0,0.0,0.0,1.0,1.0
1.0,10715.0,1.0,1.0,0.0,0.0,0.0,1.0,1.0,73.0,330.0,26.0,12.0,2013.0,5.0,3.0,35.0,1.0,13.0,2.0,US-SR 5,,0.0,33.41447778,-86.95455833,0.0,30.0,0.0,0.0,1.0,1.0,0.0,4.0,3.0,1.0,0.0,1.0,0.0,0000000,99.0,99.0,3.0,46.0,99.0,99.0,0.0,0.0,0.0,1.0,1.0
1.0,10716.0,2.0,2.0,0.0,2.0,2.0,4.0,4.0,97.0,2100.0,28.0,12.0,2013.0,7.0,18.0,25.0,1.0,13.0,2.0,US-SR 42,,0.0,30.70892222,-88.12526111,0.0,8.0,0.0,0.0,1.0,1.0,0.0,1.0,3.0,2.0,0.0,2.0,0.0,0000000,99.0,99.0,18.0,28.0,99.0,99.0,0.0,0.0,0.0,1.0,0.0
1.0,10717.0,2.0,2.0,0.0,0.0,0.0,4.0,4.0,73.0,0.0,5.0,12.0,2013.0,5.0,19.0,14.0,0.0,4.0,4.0,CR-NARROWS RD,,0.0,33.705175,-86.70819722,0.0,12.0,2.0,0.0,1.0,1.0,0.0,1.0,2.0,10.0,0.0,10.0,0.0,0000000,99.0,99.0,19.0,21.0,88.0,88.0,0.0,0.0,0.0,1.0,0.0
1.0,10718.0,2.0,2.0,0.0,0.0,0.0,3.0,3.0,95.0,50.0,14.0,11.0,2013.0,5.0,18.0,28.0,1.0,13.0,2.0,US-SR 1,,2827.0,34.23018889,-86.16260556,0.0,12.0,6.0,0.0,1.0,1.0,0.0,1.0,3.0,1.0,0.0,1.0,0.0,0000000,99.0,99.0,18.0,30.0,99.0,99.0,0.0,0.0,0.0,2.0,1.0
1.0,10719.0,2.0,1.0,1.0,1.0,2.0,1.0,2.0,73.0,20.0,16.0,11.0,2013.0,7.0,11.0,52.0,1.0,13.0,2.0,US-SR 5,,1419.0,33.59108056,-86.93803333,0.0,45.0,0.0,0.0,1.0,1.0,1.0,1.0,1.0,10.0,0.0,10.0,0.0,0000000,99.0,99.0,11.0,56.0,99.0,99.0,0.0,0.0,0.0,1.0,0.0
1.0,10720.0,2.0,2.0,0.0,0.0,0.0,2.0,2.0,125.0,0.0,18.0,12.0,2013.0,4.0,8.0,35.0,1.0,11.0,1.0,I-59,,715.0,33.17105278,-87.54991667,0.0,12.0,6.0,0.0,1.0,1.0,0.0,1.0,1.0,1.0,0.0,1.0,0.0,0000000,99.0,99.0,9.0,0.0,99.0,99.0,0.0,0.0,0.0,1.0,0.0
1.0,10721.0,1.0,1.0,0.0,0.0,0.0,1.0,1.0,121.0,2910.0,6.0,12.0,2013.0,6.0,20.0,0.0,0.0,6.0,6.0,CR-MOUNTAIN VIEW ROAD,,0.0,33.41423056,-86.06959167,0.0,34.0,0.0,0.0,1.0,1.0,0.0,4.0,2.0,2.0,0.0,2.0,0.0,0000000,99.0,99.0,20.0,21.0,99.0,99.0,0.0,0.0,0.0,1.0,0.0
1.0,10722.0,2.0,2.0,0.0,0.0,0.0,3.0,3.0,73.0,0.0,30.0,11.0,2013.0,7.0,13.0,56.0,0.0,5.0,4.0,CR-DUG HOLLOW ROAD,,0.0,33.68943333,-86.63605833,0.0,12.0,2.0,0.0,1.0,1.0,0.0,1.0,1.0,1.0,0.0,1.0,0.0,0000000,99.0,99.0,14.0,9.0,99.0,99.0,0.0,0.0,0.0,2.0,0.0
1.0,10723.0,1.0,1.0,0.0,0.0,0.0,1.0,1.0,1.0,0.0,19.0,8.0,2013.0,2.0,20.0,15.0,0.0,4.0,4.0,CR-19,,0.0,32.49443611,-86.696875,0.0,38.0,0.0,0.0,1.0,1.0,0.0,4.0,2.0,10.0,0.0,10.0,0.0,0000000,99.0,99.0,20.0,35.0,99.0,99.0,0.0,0.0,0.0,1.0,1.0
1.0,10724.0,1.0,1.0,0.0,0.0,0.0,2.0,2.0,43.0,0.0,14.0,11.0,2013.0,5.0,15.0,50.0,0.0,4.0,4.0,CR-1763,,0.0,34.27604444,-86.52309444,0.0,34.0,0.0,0.0,1.0,1.0,0.0,4.0,1.0,1.0,0.0,1.0,0.0,0000000,99.0,99.0,16.0,5.0,99.0,99.0,0.0,0.0,0.0,1.0,0.0
1.0,10725.0,2.0,2.0,0.0,0.0,0.0,3.0,3.0,99.0,1240.0,31.0,12.0,2013.0,3.0,14.0,15.0,0.0,4.0,4.0,CR-23,,0.0,31.44315278,-87.41663333,0.0,12.0,2.0,0.0,1.0,1.0,0.0,1.0,1.0,1.0,0.0,1.0,0.0,0000000,99.0,99.0,14.0,42.0,99.0,99.0,0.0,0.0,0.0,1.0,0.0
1.0,10726.0,1.0,1.0,0.0,0.0,0.0,1.0,1.0,43.0,0.0,14.0,12.0,2013.0,7.0,1.0,15.0,0.0,6.0,4.0,CR-1036,,0.0,34.20963889,-87.088125,0.0,42.0,0.0,0.0,1.0,1.0,0.0,4.0,2.0,1.0,0.0,1.0,0.0,0000000,88.0,88.0,88.0,88.0,88.0,88.0,0.0,0.0,0.0,1.0,1.0
1.0,10727.0,2.0,2.0,0.0,0.0,0.0,2.0,2.0,9.0,0.0,16.0,12.0,2013.0,2.0,23.0,28.0,0.0,14.0,3.0,SR-75,,380.0,34.17288611,-86.84126389,0.0,12.0,7.0,0.0,1.0,1.0,0.0,1.0,2.0,10.0,0.0,10.0,0.0,0000000,99.0,99.0,23.0,45.0,99.0,99.0,0.0,0.0,0.0,1.0,0.0
1.0,10728.0,1.0,1.0,0.0,0.0,0.0,2.0,2.0,87.0,0.0,21.0,12.0,2013.0,7.0,5.0,25.0,0.0,5.0,4.0,CR-30,,0.0,32.44259167,-85.81546667,0.0,53.0,0.0,0.0,1.0,1.0,0.0,4.0,2.0,10.0,0.0,10.0,0.0,0000000,99.0,99.0,5.0,43.0,99.0,99.0,0.0,0.0,0.0,1.0,1.0
1.0,10729.0,1.0,1.0,0.0,1.0,1.0,2.0,2.0,101.0,2130.0,21.0,12.0,2013.0,7.0,20.0,10.0,0.0,16.0,6.0,DRAKE ST,,0.0,32.3419,-86.33701944,0.0,8.0,0.0,0.0,1.0,1.0,0.0,1.0,3.0,10.0,0.0,10.0,0.0,0000000,99.0,99.0,20.0,16.0,88.0,88.0,0.0,0.0,0.0,1.0,0.0
1.0,10730.0,1.0,1.0,0.0,1.0,1.0,1.0,1.0,53.0,0.0,26.0,12.0,2013.0,5.0,18.0,10.0,0.0,3.0,2.0,US-SR 3,SHADOWOOD DR,350.0,31.00181111,-87.59320278,0.0,9.0,0.0,0.0,2.0,3.0,0.0,1.0,2.0,1.0,0.0,1.0,0.0,0000000,99.0,99.0,18.0,30.0,99.0,99.0,0.0,0.0,0.0,1.0,0.0
1.0,10731.0,5.0,5.0,0.0,0.0,0.0,12.0,12.0,53.0,0.0,29.0,12.0,2013.0,1.0,22.0,50.0,1.0,1.0,1.0,I-65,,539.0,31.07726667,-87.54444722,0.0,12.0,1.0,0.0,1.0,1.0,0.0,1.0,2.0,5.0,0.0,5.0,0.0,0000000,99.0,99.0,23.0,28.0,99.0,99.0,14.0,0.0,0.0,2.0,0.0
1.0,10732.0,2.0,2.0,0.0,0.0,0.0,3.0,3.0,95.0,0.0,30.0,12.0,2013.0,2.0,3.0,30.0,1.0,2.0,2.0,US-SR 1,,3021.0,34.43066944,-86.26262222,0.0,12.0,1.0,0.0,7.0,1.0,0.0,1.0,2.0,10.0,0.0,10.0,0.0,0000000,99.0,99.0,3.0,35.0,99.0,99.0,0.0,0.0,0.0,1.0,0.0
1.0,10733.0,1.0,1.0,0.0,0.0,0.0,1.0,1.0,17.0,0.0,30.0,12.0,2013.0,2.0,23.0,25.0,1.0,2.0,2.0,US-SR 1,,1508.0,32.77563889,-85.47100278,0.0,1.0,0.0,0.0,1.0,1.0,0.0,4.0,2.0,10.0,0.0,10.0,0.0,0000000,99.0,99.0,23.0,45.0,88.0,88.0,0.0,0.0,0.0,1.0,0.0
1.0,10734.0,2.0,2.0,0.0,0.0,0.0,4.0,4.0,91.0,0.0,30.0,12.0,2013.0,2.0,12.0,40.0,0.0,4.0,3.0,SR-69,,449.0,32.00384444,-88.0096,0.0,12.0,2.0,0.0,1.0,1.0,0.0,1.0,1.0,1.0,0.0,1.0,0.0,0000000,99.0,99.0,13.0,16.0,99.0,99.0,0.0,0.0,0.0,1.0,1.0
1.0,10735.0,1.0,1.0,0.0,0.0,0.0,1.0,1.0,73.0,350.0,2.0,5.0,2013.0,5.0,19.0,55.0,0.0,14.0,6.0,AVE W,,0.0,33.52636389,-86.87903056,0.0,30.0,0.0,0.0,1.0,1.0,0.0,4.0,2.0,1.0,0.0,1.0,0.0,0000000,99.0,99.0,20.0,3.0,99.0,99.0,0.0,0.0,0.0,1.0,0.0
1.0,10736.0,2.0,2.0,0.0,0.0,0.0,2.0,2.0,89.0,1730.0,30.0,6.0,2013.0,1.0,1.0,5.0,0.0,14.0,2.0,US-SR 2,MASTIN LAKE ROAD,0.0,34.77102222,-86.58573611,0.0,12.0,6.0,0.0,2.0,2.0,0.0,1.0,3.0,1.0,0.0,1.0,0.0,0000000,99.0,99.0,1.0,9.0,99.0,99.0,0.0,0.0,0.0,1.0,1.0
1.0,10737.0,1.0,1.0,0.0,0.0,0.0,6.0,6.0,73.0,350.0,19.0,10.0,2013.0,7.0,0.0,36.0,0.0,14.0,6.0,VANDERBUILT ROAD,,0.0,33.54927778,-86.79151111,0.0,38.0,0.0,0.0,1.0,1.0,0.0,4.0,3.0,10.0,0.0,10.0,0.0,0000000,99.0,99.0,0.0,55.0,99.0,99.0,0.0,0.0,0.0,1.0,1.0
1.0,10738.0,1.0,1.0,0.0,0.0,0.0,1.0,1.0,133.0,134.0,8.0,12.0,2013.0,1.0,4.0,30.0,0.0,4.0,4.0,CR-77,,0.0,34.08431389,-87.19929444,0.0,40.0,0.0,0.0,1.0,1.0,0.0,4.0,6.0,5.0,0.0,5.0,0.0,0000000,99.0,99.0,4.0,53.0,88.0,88.0,0.0,0.0,0.0,1.0,0.0
1.0,10739.0,2.0,2.0,0.0,0.0,0.0,2.0,2.0,73.0,0.0,11.0,1.0,2013.0,6.0,18.0,40.0,1.0,1.0,1.0,I-22,,870.0,33.63021667,-86.95048333,0.0,12.0,6.0,1.0,18.0,1.0,0.0,1.0,2.0,5.0,0.0,5.0,0.0,0000000,99.0,99.0,18.0,46.0,88.0,88.0,0.0,0.0,0.0,1.0,0.0
1.0,10740.0,1.0,1.0,0.0,0.0,0.0,2.0,2.0,77.0,0.0,19.0,10.0,2013.0,7.0,14.0,55.0,0.0,4.0,4.0,CR-14,,0.0,34.88646389,-87.94296944,0.0,42.0,0.0,0.0,1.0,1.0,0.0,4.0,1.0,10.0,0.0,10.0,0.0,0000000,99.0,99.0,15.0,17.0,99.0,99.0,0.0,0.0,0.0,1.0,0.0
1.0,10741.0,1.0,1.0,0.0,0.0,0.0,1.0,1.0,15.0,0.0,23.0,11.0,2013.0,7.0,8.0,50.0,0.0,6.0,4.0,CR-SAKS ROAD,,0.0,33.700925,-85.83716111,0.0,34.0,0.0,0.0,1.0,1.0,0.0,4.0,1.0,10.0,0.0,10.0,0.0,0000000,99.0,99.0,9.0,0.0,99.0,99.0,0.0,0.0,0.0,1.0,0.0
1.0,10742.0,1.0,1.0,0.0,0.0,0.0,1.0,1.0,105.0,0.0,24.0,8.0,2013.0,7.0,23.0,45.0,0.0,5.0,4.0,CR-23,,0.0,32.852075,-87.36134722,0.0,42.0,0.0,0.0,1.0,1.0,0.0,5.0,2.0,1.0,0.0,1.0,0.0,0000000,99.0,99.0,0.0,40.0,88.0,88.0,0.0,0.0,0.0,1.0,1.0