STATE,ST_CASE,VE_TOTAL,VE_FORMS,PVH_INVL,PEDS,PERNOTMVIT,PERMVIT,PERSONS,COUNTY,CITY,DAY,MONTH,YEAR,DAY_WEEK,HOUR,MINUTE,NHS,ROAD_FNC,ROUTE,TWAY_ID,TWAY_ID2,MILEPT,LATITUDE,LONGITUD,SP_JUR,HARM_EV,MAN_COLL,RELJCT1,RELJCT2,TYP_INT,WRK_ZONE,REL_ROAD,LGT_COND,WEATHER1,WEATHER2,WEATHER,SCH_BUS,RAIL,NOT_HOUR,NOT_MIN,ARR_HOUR,ARR_MIN,HOSP_HR,HOSP_MN,CF1,CF2,CF3,FATALS,DRUNK_DR
1.0,10743.0,1.0,1.0,0.0,0.0,0.0,1.0,1.0,121.0,0.0,24.0,8.0,2013.0,7.0,1.0,40.0,0.0,6.0,4.0,CR-MUDD ST,,0.0,33.62940278,-86.02561111,0.0,42.0,0.0,0.0,1.0,1.0,0.0,4.0,2.0,2.0,0.0,2.0,0.0,0000000,99.0,99.0,2.0,0.0,88.0,88.0,0.0,0.0,0.0,1.0,0.0
1.0,10744.0,1.0,1.0,0.0,0.0,0.0,1.0,1.0,41.0,0.0,23.0,9.0,2013.0,2.0,8.0,5.0,0.0,3.0,3.0,SR-97,,63.0,32.03587222,-86.37904444,0.0,42.0,0.0,0.0,1.0,1.0,0.0,4.0,1.0,1.0,0.0,1.0,0.0,0000000,99.0,99.0,8.0,35.0,99.0,99.0,0.0,0.0,0.0,1.0,0.0
1.0,10745.0,2.0,2.0,0.0,0.0,0.0,4.0,4.0,3.0,1011.0,14.0,12.0,2013.0,7.0,22.0,17.0,0.0,2.0,4.0,CR-87,,0.0,30.48507778,-87.58155,0.0,12.0,6.0,0.0,1.0,1.0,0.0,1.0,2.0,2.0,0.0,2.0,0.0,0000000,99.0,99.0,22.0,20.0,99.0,99.0,0.0,0.0,0.0,1.0,0.0
1.0,10746.0,1.0,1.0,0.0,0.0,0.0,1.0,1.0,83.0,9997.0,30.0,11.0,2013.0,7.0,16.0,30.0,1.0,13.0,1.0,I-565,,10.0,34.62778056,-86.90426111,0.0,24.0,0.0,0.0,1.0,1.0,0.0,4.0,5.0,1.0,0.0,1.0,0.0,0000000,99.0,99.0,99.0,99.0,99.0,99.0,0.0,0.0,0.0,1.0,0.0
1.0,10747.0,1.0,1.0,0.0,1.0,1.0,1.0,1.0,3.0,1943.0,16.0,12.0,2013.0,2.0,17.0,46.0,0.0,3.0,2.0,US-SR 16,,0.0,30.61463611,-87.75295833,0.0,8.0,0.0,0.0,1.0,1.0,0.0,1.0,5.0,1.0,0.0,1.0,0.0,0000000,99.0,99.0,17.0,55.0,88.0,88.0,0.0,0.0,0.0,1.0,0.0
1.0,10748.0,2.0,2.0,0.0,0.0,0.0,3.0,3.0,101.0,2130.0,30.0,8.0,2013.0,6.0,9.0,0.0,1.0,13.0,2.0,US-SR 8,RICHARD DR,0.0,32.32760278,-86.23715278,0.0,12.0,6.0,0.0,2.0,2.0,0.0,1.0,1.0,1.0,0.0,1.0,0.0,0000000,99.0,99.0,9.0,10.0,99.0,99.0,0.0,0.0,0.0,1.0,0.0
1.0,10749.0,1.0,1.0,0.0,0.0,0.0,4.0,4.0,125.0,505.0,16.0,2.0,2013.0,7.0,23.0,20.0,0.0,6.0,4.0,CR-CAMP CHERRY AUSTIN ROAD,,0.0,33.26088889,-87.37988889,0.0,42.0,0.0,0.0,1.0,1.0,0.0,4.0,2.0,1.0,0.0,1.0,0.0,0000000,99.0,99.0,11.0,37.0,99.0,99.0,0.0,0.0,0.0,1.0,1.0
1.0,10750.0,3.0,3.0,0.0,0.0,0.0,5.0,5.0,127.0,1780.0,10.0,5.0,2013.0,6.0,21.0,49.0,1.0,13.0,6.0,HWY 78,ARROW ROAD,0.0,33.83656111,-87.22541111,0.0,12.0,6.0,0.0,2.0,2.0,0.0,1.0,6.0,1.0,0.0,1.0,0.0,0000000,99.0,99.0,21.0,50.0,99.0,99.0,0.0,0.0,0.0,1.0,0.0
1.0,10751.0,1.0,1.0,0.0,0.0,0.0,1.0,1.0,113.0,0.0,14.0,11.0,2013.0,5.0,6.0,56.0,0.0,4.0,4.0,CR-18,CR-137,0.0,32.29454167,-85.16964444,0.0,34.0,0.0,0.0,3.0,3.0,0.0,4.0,2.0,1.0,0.0,1.0,0.0,0000000,99.0,99.0,19.0,15.0,99.0,99.0,0.0,0.0,0.0,1.0,0.0
1.0,10752.0,2.0,2.0,0.0,0.0,0.0,2.0,2.0,73.0,2960.0,31.0,1.0,2013.0,5.0,12.0,40.0,0.0,14.0,6.0,TARRANT HUFFMAN RD,,0.0,33.586025,-86.75393333,0.0,12.0,2.0,0.0,1.0,1.0,0.0,1.0,1.0,1.0,0.0,1.0,0.0,0000000,99.0,99.0,12.0,45.0,99.0,99.0,0.0,0.0,0.0,1.0,0.0
1.0,10753.0,2.0,2.0,0.0,0.0,0.0,2.0,2.0,73.0,0.0,7.0,5.0,2013.0,3.0,0.0,1.0,0.0,14.0,4.0,CR-CHALKVILLE ROAD,,0.0,33.65365278,-86.63879444,0.0,12.0,2.0,0.0,1.0,1.0,0.0,1.0,3.0,2.0,0.0,2.0,0.0,0000000,99.0,99.0,0.0,9.0,99.0,99.0,0.0,0.0,0.0,1.0,1.0
1.0,10754.0,1.0,1.0,0.0,0.0,0.0,1.0,1.0,125.0,2260.0,14.0,8.0,2013.0,4.0,12.0,16.0,1.0,13.0,2.0,US-SR 13,BRIARCLIFF DR,0.0,33.25523889,-87.60513611,0.0,32.0,0.0,0.0,3.0,3.0,0.0,4.0,1.0,10.0,0.0,10.0,0.0,0000000,99.0,99.0,12.0,19.0,99.0,99.0,0.0,0.0,0.0,1.0,0.0
1.0,10755.0,1.0,1.0,0.0,0.0,0.0,1.0,1.0,73.0,2960.0,14.0,9.0,2013.0,7.0,21.0,25.0,0.0,14.0,4.0,CR-BLACK CREEK ROAD,,0.0,33.60893333,-86.77488056,0.0,42.0,0.0,0.0,1.0,1.0,0.0,4.0,2.0,1.0,0.0,1.0,0.0,0000000,99.0,99.0,21.0,53.0,88.0,88.0,0.0,0.0,0.0,1.0,0.0
1.0,10756.0,1.0,1.0,0.0,1.0,1.0,1.0,1.0,127.0,1780.0,1.0,9.0,2013.0,1.0,4.0,4.0,0.0,14.0,6.0,BLACKWELL DAIRY RD,,0.0,33.84473889,-87.233825,0.0,8.0,0.0,0.0,1.0,1.0,0.0,1.0,6.0,98.0,0.0,98.0,0.0,0000000,99.0,99.0,99.0,99.0,99.0,99.0,0.0,0.0,0.0,1.0,0.0
1.0,10757.0,3.0,3.0,0.0,0.0,0.0,9.0,9.0,73.0,0.0,27.0,10.0,2013.0,1.0,14.0,23.0,0.0,14.0,4.0,CR-CHALKVILLE ROAD,,0.0,33.65410278,-86.64092778,0.0,12.0,2.0,0.0,1.0,1.0,0.0,1.0,1.0,1.0,0.0,1.0,0.0,0000000,99.0,99.0,14.0,25.0,99.0,99.0,0.0,0.0,0.0,1.0,0.0
1.0,10758.0,2.0,2.0,0.0,0.0,0.0,2.0,2.0,123.0,60.0,4.0,12.0,2013.0,4.0,17.0,26.0,0.0,14.0,3.0,SR-22,,1119.0,32.92361667,-85.98585833,0.0,12.0,2.0,0.0,1.0,1.0,0.0,1.0,2.0,5.0,0.0,5.0,0.0,0000000,99.0,99.0,17.0,29.0,99.0,99.0,0.0,0.0,0.0,1.0,0.0
1.0,10759.0,2.0,2.0,0.0,0.0,0.0,6.0,6.0,73.0,1315.0,21.0,12.0,2013.0,7.0,19.0,4.0,0.0,14.0,2.0,US-SR 3,,2888.0,33.71029167,-86.82060556,0.0,12.0,2.0,0.0,1.0,1.0,0.0,1.0,2.0,2.0,0.0,2.0,0.0,0000000,99.0,99.0,19.0,7.0,99.0,99.0,0.0,0.0,0.0,3.0,0.0
1.0,10760.0,2.0,2.0,0.0,0.0,0.0,4.0,4.0,15.0,2370.0,17.0,5.0,2013.0,6.0,19.0,30.0,0.0,14.0,2.0,US-SR 4,STERLING POINT LN,2275.0,33.61483333,-85.80304722,0.0,12.0,6.0,0.0,2.0,3.0,0.0,1.0,2.0,2.0,0.0,2.0,0.0,0000000,99.0,99.0,19.0,40.0,99.0,99.0,0.0,0.0,0.0,1.0,0.0
1.0,10761.0,1.0,1.0,0.0,1.0,1.0,1.0,1.0,73.0,330.0,9.0,5.0,2013.0,5.0,22.0,0.0,1.0,11.0,1.0,I-20,,1120.0,33.41271111,-86.96776111,0.0,8.0,0.0,1.0,5.0,1.0,0.0,1.0,3.0,1.0,0.0,1.0,0.0,0000000,99.0,99.0,22.0,25.0,99.0,99.0,0.0,0.0,0.0,1.0,0.0
1.0,10762.0,1.0,1.0,0.0,0.0,0.0,1.0,1.0,49.0,1230.0,29.0,10.0,2013.0,3.0,0.0,1.0,0.0,13.0,3.0,SR-35,,0.0,34.450075,-85.68509167,0.0,59.0,0.0,0.0,1.0,1.0,0.0,4.0,6.0,10.0,0.0,10.0,0.0,0000000,99.0,99.0,0.0,31.0,88.0,88.0,0.0,0.0,0.0,1.0,1.0
1.0,10763.0,2.0,2.0,0.0,0.0,0.0,3.0,3.0,83.0,170.0,14.0,11.0,2013.0,5.0,14.0,14.0,0.0,14.0,6.0,HWY 127,,0.0,34.82284167,-86.972025,0.0,12.0,2.0,0.0,1.0,1.0,0.0,1.0,1.0,1.0,0.0,1.0,0.0,0000000,99.0,99.0,14.0,20.0,99.0,99.0,0.0,0.0,0.0,2.0,0.0
1.0,10764.0,1.0,1.0,0.0,0.0,0.0,1.0,1.0,49.0,1230.0,7.0,12.0,2013.0,7.0,7.0,55.0,1.0,11.0,1.0,I-59,,2225.0,34.48360833,-85.70646111,0.0,1.0,0.0,0.0,1.0,1.0,0.0,3.0,1.0,1.0,0.0,1.0,0.0,0000000,99.0,99.0,8.0,2.0,99.0,99.0,0.0,0.0,0.0,1.0,0.0
1.0,10765.0,1.0,1.0,0.0,0.0,0.0,1.0,1.0,5.0,0.0,12.0,12.0,2013.0,5.0,5.0,0.0,0.0,6.0,4.0,CR-ALTO SHIPMAN RD,,0.0,31.66475278,-85.66988611,0.0,35.0,0.0,0.0,1.0,1.0,0.0,4.0,9.0,99.0,0.0,99.0,0.0,0000000,88.0,88.0,88.0,88.0,88.0,88.0,0.0,0.0,0.0,1.0,0.0
1.0,10766.0,1.0,1.0,0.0,0.0,0.0,2.0,2.0,61.0,1340.0,15.0,12.0,2013.0,1.0,5.0,4.0,0.0,3.0,3.0,SR-27,,93.0,31.07690833,-85.88258056,0.0,42.0,0.0,0.0,1.0,1.0,0.0,4.0,2.0,1.0,0.0,1.0,0.0,0000000,99.0,99.0,5.0,27.0,99.0,99.0,0.0,0.0,0.0,1.0,1.0
2.0,20001.0,1.0,1.0,0.0,1.0,1.0,1.0,1.0,20.0,130.0,8.0,1.0,2013.0,3.0,11.0,57.0,1.0,13.0,6.0,C STREET,,27.0,61.19582222,-149.88675833,0.0,8.0,0.0,0.0,8.0,1.0,0.0,4.0,1.0,10.0,0.0,10.0,0.0,0000000,11.0,58.0,12.0,4.0,12.0,38.0,0.0,0.0,0.0,1.0,0.0
2.0,20002.0,2.0,1.0,1.0,0.0,0.0,2.0,2.0,290.0,0.0,18.0,1.0,2013.0,6.0,12.0,29.0,1.0,1.0,3.0,SR-3 PARKS HIGHWAY,,2606.0,64.44580278,-149.05359444,0.0,45.0,0.0,0.0,1.0,1.0,4.0,1.0,1.0,1.0,0.0,1.0,0.0,0000000,99.0,99.0,99.0,99.0,99.0,99.0,0.0,0.0,0.0,1.0,0.0
2.0,20003.0,2.0,2.0,0.0,0.0,0.0,9.0,9.0,170.0,2790.0,21.0,1.0,2013.0,2.0,12.0,50.0,1.0,11.0,3.0,SR-3 PARKS HIGHWAY,KNIK GOOSE BAY ROAD,70.0,61.58098611,-149.44179167,0.0,12.0,6.0,0.0,2.0,2.0,0.0,1.0,1.0,1.0,0.0,1.0,0.0,0000000,12.0,51.0,12.0,55.0,99.0,99.0,0.0,0.0,0.0,1.0,0.0
2.0,20004.0,1.0,1.0,0.0,0.0,0.0,1.0,1.0,20.0,130.0,23.0,1.0,2013.0,4.0,15.0,58.0,1.0,1.0,3.0,SR-1 SEWARD HIGHWAY,,1106.0,61.01415278,-149.71610833,0.0,17.0,0.0,0.0,1.0,1.0,0.0,4.0,1.0,10.0,0.0,10.0,0.0,0000000,15.0,59.0,16.0,15.0,88.0,88.0,0.0,0.0,0.0,1.0,0.0
2.0,20005.0,1.0,1.0,0.0,1.0,1.0,1.0,1.0,20.0,130.0,30.0,1.0,2013.0,4.0,17.0,53.0,0.0,15.0,6.0,GAMBELL STREET,,8.0,61.20808056,-149.87106389,0.0,8.0,0.0,0.0,8.0,1.0,0.0,1.0,3.0,4.0,0.0,4.0,0.0,0000000,17.0,53.0,17.0,58.0,88.0,88.0,16.0,0.0,0.0,1.0,0.0
2.0,20006.0,2.0,2.0,0.0,0.0,0.0,2.0,2.0,90.0,0.0,20.0,2.0,2013.0,4.0,15.0,29.0,1.0,1.0,3.0,SR-3 PARKS HIGHWAY,,3074.0,64.79136111,-148.14321111,0.0,12.0,8.0,0.0,1.0,1.0,0.0,1.0,1.0,1.0,0.0,1.0,0.0,0000000,88.0,88.0,88.0,88.0,88.0,88.0,0.0,0.0,0.0,1.0,0.0
2.0,20007.0,2.0,2.0,0.0,0.0,0.0,2.0,2.0,122.0,0.0,21.0,2.0,2013.0,5.0,7.0,53.0,1.0,2.0,6.0,KENAI SPUR HIGHWAY,,33.0,60.52988889,-151.08080278,0.0,12.0,6.0,0.0,1.0,1.0,0.0,1.0,2.0,10.0,0.0,10.0,0.0,0000000,7.0,56.0,8.0,2.0,8.0,24.0,0.0,0.0,0.0,1.0,0.0
2.0,20008.0,1.0,1.0,0.0,0.0,0.0,1.0,1.0,170.0,0.0,19.0,3.0,2013.0,3.0,18.0,35.0,0.0,4.0,6.0,SETTLERS BAY DRIVE,,4.0,61.51306667,-149.62916944,0.0,24.0,0.0,0.0,1.0,1.0,0.0,4.0,1.0,1.0,0.0,1.0,0.0,0000000,18.0,35.0,18.0,45.0,88.0,88.0,99.0,99.0,99.0,1.0,0.0
2.0,20009.0,2.0,2.0,0.0,0.0,0.0,2.0,2.0,170.0,0.0,31.0,3.0,2013.0,1.0,20.0,54.0,0.0,6.0,5.0,TRUNK ROAD,,5.0,61.60328889,-149.24674722,0.0,12.0,2.0,0.0,1.0,1.0,0.0,1.0,5.0,1.0,0.0,1.0,0.0,0000000,20.0,55.0,21.0,6.0,99.0,99.0,0.0,0.0,0.0,1.0,0.0
2.0,20010.0,2.0,2.0,0.0,0.0,0.0,2.0,2.0,170.0,0.0,13.0,5.0,2013.0,2.0,23.0,44.0,1.0,1.0,3.0,SR-3 PARKS HIGHWAY,,685.0,62.1742,-150.16998611,0.0,12.0,2.0,0.0,1.0,1.0,0.0,1.0,2.0,1.0,0.0,1.0,0.0,0000000,99.0,99.0,99.0,99.0,99.0,99.0,0.0,0.0,0.0,1.0,1.0
2.0,20011.0,1.0,1.0,0.0,0.0,0.0,1.0,1.0,20.0,130.0,1.0,5.0,2013.0,4.0,15.0,51.0,1.0,11.0,3.0,SR-1 GLENN HIGHWAY,,91.0,61.28261667,-149.615,0.0,34.0,0.0,0.0,1.0,1.0,0.0,4.0,1.0,10.0,0.0,10.0,0.0,0000000,15.0,52.0,15.0,53.0,88.0,88.0,0.0,0.0,0.0,1.0,0.0
2.0,20012.0,2.0,2.0,0.0,0.0,0.0,5.0,5.0,122.0,0.0,9.0,6.0,2013.0,1.0,14.0,0.0,0.0,5.0,5.0,EAST END ROAD,,98.0,59.79513889,-151.15915833,0.0,12.0,2.0,0.0,1.0,1.0,0.0,1.0,1.0,1.0,0.0,1.0,0.0,0000000,99.0,99.0,99.0,99.0,88.0,88.0,0.0,0.0,0.0,1.0,0.0
2.0,20013.0,1.0,1.0,0.0,0.0,0.0,3.0,3.0,170.0,0.0,28.0,6.0,2013.0,6.0,7.0,10.0,1.0,1.0,3.0,SR-1 GLENN HIGHWAY,,669.0,61.76264167,-148.55830833,0.0,1.0,0.0,0.0,1.0,1.0,0.0,4.0,1.0,10.0,0.0,10.0,0.0,0000000,7.0,15.0,7.0,43.0,9.0,4.0,0.0,0.0,0.0,1.0,0.0
2.0,20014.0,3.0,3.0,0.0,0.0,0.0,4.0,4.0,20.0,130.0,24.0,7.0,2013.0,4.0,21.0,2.0,1.0,1.0,3.0,SR-1 SEWARD HIGHWAY,,918.0,60.93819722,-149.25262222,0.0,12.0,1.0,0.0,1.0,1.0,0.0,1.0,1.0,10.0,0.0,10.0,0.0,0000000,21.0,2.0,21.0,13.0,22.0,39.0,0.0,0.0,0.0,1.0,0.0
2.0,20015.0,1.0,1.0,0.0,1.0,1.0,1.0,1.0,270.0,2070.0,29.0,7.0,2013.0,2.0,18.0,15.0,0.0,6.0,5.0,TANGAQ STREET,,1.0,61.93626944,-162.88570278,0.0,8.0,0.0,0.0,1.0,1.0,0.0,1.0,1.0,1.0,0.0,1.0,0.0,0000000,88.0,88.0,88.0,88.0,88.0,88.0,0.0,0.0,0.0,1.0,0.0
2.0,20016.0,1.0,1.0,0.0,0.0,0.0,2.0,2.0,201.0,0.0,20.0,6.0,2013.0,5.0,16.0,47.0,0.0,6.0,8.0,N PRINCE OF WALES RD (USFS 20),,742.0,56.31023889,-133.55848333,0.0,1.0,0.0,0.0,1.0,1.0,0.0,4.0,1.0,1.0,0.0,1.0,0.0,0000000,99.0,99.0,99.0,99.0,99.0,99.0,0.0,0.0,0.0,1.0,0.0
2.0,20017.0,2.0,2.0,0.0,0.0,0.0,2.0,2.0,20.0,130.0,8.0,7.0,2013.0,2.0,18.0,42.0,0.0,12.0,6.0,OLD SEWARD HIGHWAY,INDUSTRY WAY,25.0,61.11307222,-149.86390278,0.0,12.0,6.0,0.0,2.0,3.0,0.0,1.0,1.0,10.0,0.0,10.0,0.0,0000000,18.0,43.0,18.0,46.0,19.0,3.0,0.0,0.0,0.0,1.0,0.0
2.0,20018.0,2.0,2.0,0.0,0.0,0.0,4.0,4.0,20.0,130.0,31.0,1.0,2013.0,5.0,19.0,18.0,1.0,1.0,3.0,SR-1 SEARD HIGHWAY,,1043.0,60.984025,-149.56290556,0.0,12.0,2.0,0.0,1.0,1.0,0.0,1.0,2.0,5.0,0.0,5.0,0.0,0000000,19.0,17.0,19.0,42.0,20.0,38.0,0.0,0.0,0.0,1.0,0.0
2.0,20019.0,1.0,1.0,0.0,0.0,0.0,2.0,2.0,170.0,0.0,18.0,6.0,2013.0,3.0,21.0,44.0,1.0,1.0,3.0,SR-1 GLENN HIGHWAY,,849.0,61.79559722,-148.05033056,0.0,11.0,0.0,0.0,1.0,1.0,0.0,1.0,1.0,1.0,0.0,1.0,0.0,0000000,21.0,42.0,21.0,54.0,99.0,99.0,0.0,0.0,0.0,1.0,0.0
2.0,20020.0,1.0,1.0,0.0,0.0,0.0,1.0,1.0,261.0,0.0,13.0,7.0,2013.0,7.0,23.0,52.0,1.0,1.0,3.0,SR-1 GLENN HIGHWAY,,1294.0,61.98756111,-146.94655833,0.0,1.0,0.0,0.0,1.0,1.0,0.0,4.0,5.0,1.0,0.0,1.0,0.0,0000000,23.0,52.0,0.0,47.0,88.0,88.0,0.0,0.0,0.0,1.0,1.0
2.0,20021.0,1.0,1.0,0.0,0.0,0.0,1.0,1.0,70.0,0.0,27.0,8.0,2013.0,3.0,20.0,50.0,0.0,4.0,5.0,ALEKNAGIK LAKE ROAD,,174.0,59.24601944,-158.64392778,0.0,1.0,0.0,0.0,1.0,1.0,0.0,4.0,5.0,10.0,0.0,10.0,0.0,0000000,88.0,88.0,88.0,88.0,88.0,88.0,0.0,0.0,0.0,1.0,1.0
2.0,20022.0,1.0,1.0,0.0,0.0,0.0,1.0,1.0,261.0,0.0,21.0,8.0,2013.0,4.0,19.0,33.0,1.0,2.0,3.0,SR-4 RICHARDSON HIGHWAY,,799.0,61.62391389,-145.20743611,0.0,11.0,0.0,0.0,1.0,1.0,0.0,1.0,1.0,2.0,10.0,2.0,0.0,0000000,19.0,25.0,20.0,58.0,88.0,88.0,0.0,0.0,0.0,1.0,0.0
2.0,20023.0,1.0,1.0,0.0,2.0,2.0,1.0,1.0,20.0,130.0,9.0,8.0,2013.0,6.0,18.0,45.0,1.0,12.0,6.0,ABBOTT ROAD,,33.0,61.14300278,-149.84798333,0.0,33.0,0.0,0.0,1.0,1.0,0.0,4.0,1.0,2.0,0.0,2.0,0.0,0000000,18.0,45.0,18.0,49.0,19.0,14.0,0.0,0.0,0.0,2.0,1.0
2.0,20024.0,1.0,1.0,0.0,0.0,0.0,2.0,2.0,20.0,130.0,17.0,8.0,2013.0,7.0,2.0,47.0,0.0,14.0,6.0,MARTIN LUTHER KING JR DRIVE,,12.0,61.17978889,-149.77825556,0.0,38.0,0.0,0.0,1.0,1.0,0.0,4.0,3.0,2.0,10.0,2.0,0.0,0000000,2.0,47.0,2.0,51.0,88.0,88.0,0.0,0.0,0.0,1.0,1.0
2.0,20025.0,2.0,2.0,0.0,0.0,0.0,4.0,4.0,170.0,0.0,7.0,4.0,2013.0,1.0,15.0,53.0,1.0,1.0,3.0,SR-3 PARKS HIGHWAY,,1513.0,63.16236944,-149.39159444,0.0,12.0,2.0,0.0,1.0,1.0,0.0,1.0,1.0,12.0,11.0,11.0,0.0,0000000,15.0,53.0,17.0,13.0,20.0,42.0,0.0,0.0,0.0,2.0,0.0
2.0,20026.0,1.0,1.0,0.0,0.0,0.0,2.0,2.0,90.0,0.0,26.0,5.0,2013.0,1.0,17.0,50.0,0.0,6.0,5.0,TWO RIVERS ROAD,,5.0,64.87720556,-147.0424,0.0,1.0,0.0,0.0,1.0,1.0,0.0,4.0,1.0,1.0,0.0,1.0,0.0,0000000,99.0,99.0,99.0,99.0,88.0,88.0,0.0,0.0,0.0,1.0,0.0
2.0,20027.0,1.0,1.0,0.0,0.0,0.0,1.0,1.0,240.0,0.0,26.0,5.0,2013.0,1.0,16.0,14.0,1.0,1.0,3.0,SR-2 ALASKA HIGHWAY,,1386.0,63.67324444,-144.09216667,0.0,24.0,0.0,0.0,1.0,1.0,0.0,4.0,1.0,1.0,0.0,1.0,0.0,0000000,88.0,88.0,88.0,88.0,88.0,88.0,0.0,0.0,0.0,1.0,0.0
2.0,20028.0,2.0,2.0,0.0,0.0,0.0,9.0,9.0,20.0,130.0,30.0,6.0,2013.0,1.0,4.0,57.0,1.0,13.0,6.0,BONIFACE PARKWAY,DEBARR ROAD,20.0,61.20968889,-149.77843056,0.0,12.0,6.0,0.0,2.0,2.0,0.0,1.0,3.0,1.0,0.0,1.0,0.0,0000000,4.0,57.0,5.0,1.0,5.0,47.0,0.0,0.0,0.0,1.0,1.0
2.0,20029.0,2.0,2.0,0.0,0.0,0.0,3.0,3.0,240.0,0.0,5.0,7.0,2013.0,6.0,10.0,56.0,0.0,3.0,3.0,SR-5 TAYLOR HIGHWAY,,83.0,63.40374167,-142.47465278,0.0,12.0,2.0,0.0,1.0,1.0,0.0,1.0,1.0,10.0,0.0,10.0,0.0,0000000,11.0,0.0,11.0,24.0,88.0,88.0,0.0,0.0,0.0,1.0,0.0
2.0,20030.0,1.0,1.0,0.0,0.0,0.0,2.0,2.0,188.0,1380.0,26.0,9.0,2013.0,5.0,20.0,30.0,0.0,5.0,5.0,SHORE AVENUE,,10.0,66.89493056,-162.60494167,0.0,5.0,0.0,0.0,1.0,1.0,0.0,1.0,1.0,1.0,0.0,1.0,0.0,0000000,99.0,99.0,99.0,99.0,99.0,99.0,0.0,0.0,0.0,1.0,0.0
2.0,20031.0,1.0,1.0,0.0,0.0,0.0,1.0,1.0,20.0,130.0,3.0,9.0,2013.0,3.0,13.0,41.0,1.0,11.0,3.0,SR-1 SEWARD HIGHWAY,,1227.0,61.16591944,-149.856275,0.0,18.0,0.0,0.0,1.0,1.0,4.0,1.0,1.0,10.0,0.0,10.0,0.0,0000000,13.0,41.0,13.0,49.0,14.0,3.0,0.0,0.0,0.0,1.0,0.0
2.0,20032.0,1.0,1.0,0.0,0.0,0.0,1.0,1.0,122.0,1240.0,7.0,10.0,2013.0,2.0,99.0,99.0,1.0,2.0,5.0,KENAI SPUR HIGHWAY,,53.0,60.555525,-151.10896667,0.0,30.0,0.0,0.0,1.0,1.0,0.0,4.0,2.0,2.0,10.0,2.0,0.0,0000000,88.0,88.0,88.0,88.0,88.0,88.0,0.0,0.0,0.0,1.0,1.0
2.0,20033.0,1.0,1.0,0.0,0.0,0.0,1.0,1.0,90.0,770.0,31.0,5.0,2013.0,6.0,99.0,99.0,0.0,15.0,6.0,CUSHMAN STREET,ALTA WAY,7.0,64.80767222,-147.7107,0.0,1.0,0.0,0.0,3.0,2.0,0.0,2.0,5.0,1.0,0.0,1.0,0.0,0000000,22.0,59.0,23.0,0.0,99.0,99.0,0.0,0.0,0.0,1.0,1.0
2.0,20034.0,2.0,2.0,0.0,0.0,0.0,2.0,2.0,170.0,0.0,23.0,11.0,2013.0,7.0,22.0,37.0,0.0,3.0,5.0,BIG LAKE ROAD,,24.0,61.55846111,-149.78657778,0.0,12.0,1.0,0.0,1.0,1.0,0.0,1.0,2.0,1.0,0.0,1.0,0.0,0000000,22.0,41.0,22.0,50.0,88.0,88.0,0.0,0.0,0.0,1.0,1.0
2.0,20035.0,2.0,2.0,0.0,0.0,0.0,5.0,5.0,20.0,130.0,6.0,2.0,2013.0,4.0,2.0,39.0,1.0,13.0,6.0,NORTHERN LIGHTS BLVD,A STREET,52.0,61.19528056,-149.883125,0.0,12.0,6.0,0.0,2.0,2.0,0.0,1.0,3.0,10.0,0.0,10.0,0.0,0000000,2.0,40.0,2.0,45.0,3.0,5.0,0.0,0.0,0.0,1.0,0.0
2.0,20036.0,1.0,1.0,0.0,0.0,0.0,1.0,1.0,150.0,1983.0,23.0,5.0,2013.0,5.0,9.0,0.0,0.0,5.0,5.0,3RD STREET,F STREET,4.0,57.92418611,-152.49905,0.0,1.0,0.0,0.0,2.0,3.0,0.0,1.0,1.0,1.0,0.0,1.0,0.0,0000000,99.0,99.0,99.0,99.0,99.0,99.0,0.0,0.0,0.0,1.0,1.0