STATE,ST_CASE,VE_TOTAL,VE_FORMS,PVH_INVL,PEDS,PERNOTMVIT,PERMVIT,PERSONS,COUNTY,CITY,DAY,MONTH,YEAR,DAY_WEEK,HOUR,MINUTE,NHS,ROAD_FNC,ROUTE,TWAY_ID,TWAY_ID2,MILEPT,LATITUDE,LONGITUD,SP_JUR,HARM_EV,MAN_COLL,RELJCT1,RELJCT2,TYP_INT,WRK_ZONE,REL_ROAD,LGT_COND,WEATHER1,WEATHER2,WEATHER,SCH_BUS,RAIL,NOT_HOUR,NOT_MIN,ARR_HOUR,ARR_MIN,HOSP_HR,HOSP_MN,CF1,CF2,CF3,FATALS,DRUNK_DR
4.0,40128.0,1.0,1.0,0.0,0.0,0.0,1.0,1.0,13.0,370.0,2.0,2.0,2013.0,7.0,2.0,41.0,0.0,14.0,6.0,SKY HARBOR BLVD,,0.0,33.43658056,-111.98145556,0.0,25.0,0.0,0.0,1.0,1.0,0.0,3.0,3.0,1.0,0.0,1.0,0.0,0000000,2.0,48.0,2.0,57.0,88.0,88.0,0.0,0.0,0.0,1.0,1.0
4.0,40129.0,1.0,1.0,0.0,1.0,1.0,4.0,4.0,13.0,370.0,2.0,2.0,2013.0,7.0,15.0,58.0,0.0,13.0,6.0,THUNDERBIRD RD,,0.0,33.6111,-112.10213611,0.0,33.0,0.0,0.0,1.0,1.0,0.0,4.0,1.0,1.0,0.0,1.0,0.0,0000000,15.0,58.0,16.0,4.0,16.0,20.0,0.0,0.0,0.0,1.0,0.0
4.0,40130.0,1.0,1.0,0.0,1.0,1.0,1.0,1.0,17.0,0.0,2.0,2.0,2013.0,7.0,23.0,0.0,0.0,4.0,8.0,BIA 15,,0.0,99.9999,999.9999,3.0,8.0,0.0,0.0,1.0,1.0,0.0,1.0,6.0,99.0,0.0,99.0,0.0,0000000,99.0,99.0,99.0,99.0,88.0,88.0,0.0,0.0,0.0,1.0,0.0
4.0,40131.0,1.0,1.0,0.0,0.0,0.0,2.0,2.0,5.0,0.0,4.0,2.0,2013.0,2.0,7.0,20.0,1.0,2.0,3.0,SR-264,,3280.0,36.05335833,-111.18097778,3.0,1.0,0.0,0.0,99.0,99.0,0.0,99.0,9.0,99.0,0.0,99.0,0.0,0000000,99.0,99.0,99.0,99.0,99.0,99.0,0.0,0.0,0.0,1.0,0.0
4.0,40132.0,2.0,2.0,0.0,0.0,0.0,3.0,3.0,5.0,0.0,6.0,2.0,2013.0,4.0,9.0,56.0,0.0,6.0,8.0,UNKNOWN RD,,0.0,99.9999,999.9999,3.0,12.0,2.0,0.0,99.0,99.0,0.0,99.0,1.0,99.0,0.0,99.0,0.0,0000000,99.0,99.0,99.0,99.0,99.0,99.0,0.0,0.0,0.0,1.0,0.0
4.0,40133.0,1.0,1.0,0.0,0.0,0.0,2.0,2.0,21.0,0.0,11.0,2.0,2013.0,2.0,12.0,24.0,0.0,6.0,9.0,RIDGEVIEW BLVD,,0.0,32.5328,-110.86882222,0.0,1.0,0.0,0.0,8.0,1.0,0.0,1.0,1.0,1.0,0.0,1.0,0.0,0000000,99.0,99.0,99.0,99.0,99.0,99.0,0.0,0.0,0.0,1.0,0.0
4.0,40134.0,1.0,1.0,0.0,1.0,1.0,1.0,1.0,13.0,370.0,13.0,2.0,2013.0,4.0,7.0,53.0,0.0,13.0,6.0,19TH AVE,BROADWAY RD,0.0,33.40668056,-112.09944444,0.0,9.0,0.0,0.0,3.0,2.0,0.0,1.0,1.0,1.0,0.0,1.0,0.0,0000000,7.0,53.0,7.0,54.0,88.0,88.0,16.0,0.0,0.0,1.0,0.0
4.0,40135.0,1.0,1.0,0.0,0.0,0.0,1.0,1.0,13.0,370.0,14.0,2.0,2013.0,5.0,20.0,5.0,0.0,13.0,6.0,BELL RD,SR-51 RAMP,0.0,33.64060556,-112.00283889,0.0,33.0,0.0,1.0,3.0,2.0,0.0,4.0,3.0,1.0,0.0,1.0,0.0,0000000,99.0,99.0,99.0,99.0,99.0,99.0,0.0,0.0,0.0,1.0,0.0
4.0,40136.0,2.0,2.0,0.0,0.0,0.0,2.0,2.0,13.0,370.0,15.0,2.0,2013.0,6.0,23.0,31.0,0.0,13.0,6.0,BELL RD,43RD ST,0.0,33.64055,-111.98865278,0.0,1.0,0.0,0.0,2.0,3.0,0.0,1.0,3.0,1.0,0.0,1.0,0.0,0000000,23.0,32.0,23.0,39.0,23.0,56.0,0.0,0.0,0.0,1.0,0.0
4.0,40137.0,1.0,1.0,0.0,0.0,0.0,1.0,1.0,5.0,0.0,16.0,2.0,2013.0,7.0,0.0,9.0,1.0,2.0,3.0,SR-264,,3245.0,36.10034722,-111.19578333,3.0,1.0,0.0,0.0,99.0,99.0,0.0,99.0,6.0,99.0,0.0,99.0,0.0,0000000,99.0,99.0,99.0,99.0,99.0,99.0,0.0,0.0,0.0,1.0,0.0
4.0,40138.0,2.0,2.0,0.0,0.0,0.0,3.0,3.0,13.0,0.0,16.0,2.0,2013.0,7.0,15.0,48.0,0.0,4.0,9.0,CAVE CREEK RD,PIMA RD,0.0,33.81835278,-111.89126111,0.0,12.0,6.0,0.0,2.0,2.0,0.0,1.0,1.0,1.0,0.0,1.0,0.0,0000000,15.0,48.0,15.0,52.0,99.0,99.0,0.0,0.0,0.0,1.0,0.0
4.0,40139.0,1.0,1.0,0.0,0.0,0.0,2.0,2.0,13.0,370.0,28.0,2.0,2013.0,5.0,0.0,15.0,0.0,13.0,6.0,INDIAN SCHOOL RD,26TH ST,0.0,33.49491667,-112.02518611,0.0,38.0,0.0,0.0,3.0,3.0,0.0,4.0,3.0,1.0,0.0,1.0,0.0,0000000,0.0,15.0,0.0,17.0,0.0,34.0,0.0,0.0,0.0,1.0,1.0
4.0,40140.0,1.0,1.0,0.0,0.0,0.0,1.0,1.0,13.0,0.0,27.0,2.0,2013.0,4.0,15.0,52.0,0.0,4.0,3.0,SR-238,,120.0,32.99950278,-112.50024722,0.0,59.0,0.0,0.0,1.0,1.0,0.0,4.0,1.0,1.0,0.0,1.0,0.0,0000000,15.0,53.0,16.0,15.0,88.0,88.0,0.0,0.0,0.0,1.0,0.0
4.0,40141.0,2.0,2.0,0.0,0.0,0.0,2.0,2.0,19.0,0.0,27.0,2.0,2013.0,4.0,19.0,8.0,0.0,13.0,6.0,LA CHOLLA BLVD,,0.0,32.33691389,-111.01288611,0.0,12.0,6.0,0.0,8.0,1.0,0.0,1.0,3.0,1.0,0.0,1.0,0.0,0000000,19.0,10.0,19.0,10.0,20.0,0.0,0.0,0.0,0.0,1.0,0.0
4.0,40142.0,1.0,1.0,0.0,1.0,1.0,1.0,1.0,13.0,370.0,19.0,2.0,2013.0,3.0,18.0,37.0,0.0,16.0,6.0,20TH ST,,0.0,33.48601389,-112.03888056,0.0,8.0,0.0,0.0,1.0,1.0,0.0,1.0,3.0,1.0,0.0,1.0,0.0,0000000,99.0,99.0,99.0,99.0,99.0,99.0,0.0,0.0,0.0,1.0,0.0
4.0,40143.0,1.0,1.0,0.0,0.0,0.0,1.0,1.0,13.0,370.0,19.0,3.0,2013.0,3.0,0.0,7.0,1.0,11.0,1.0,I-17 RAMP,,2140.0,33.66845556,-112.1131,0.0,25.0,0.0,1.0,5.0,1.0,0.0,4.0,3.0,1.0,0.0,1.0,0.0,0000000,0.0,7.0,0.0,11.0,88.0,88.0,0.0,0.0,0.0,1.0,1.0
4.0,40144.0,1.0,1.0,0.0,1.0,1.0,1.0,1.0,13.0,370.0,29.0,3.0,2013.0,6.0,19.0,23.0,1.0,11.0,1.0,I-17 RAMP,,2060.0,33.55684722,-112.11316944,0.0,8.0,0.0,1.0,20.0,1.0,0.0,1.0,3.0,1.0,0.0,1.0,0.0,0000000,19.0,23.0,19.0,27.0,19.0,44.0,0.0,0.0,0.0,1.0,0.0
4.0,40145.0,1.0,1.0,0.0,0.0,0.0,1.0,1.0,13.0,0.0,24.0,1.0,2013.0,5.0,11.0,19.0,0.0,15.0,6.0,ALMA SCHOOL RD,,0.0,33.22427778,-111.85836667,0.0,33.0,0.0,0.0,1.0,1.0,0.0,4.0,1.0,2.0,0.0,2.0,0.0,0000000,11.0,33.0,11.0,33.0,88.0,88.0,0.0,0.0,0.0,1.0,0.0
4.0,40146.0,1.0,1.0,0.0,1.0,1.0,4.0,4.0,13.0,200.0,3.0,2.0,2013.0,1.0,19.0,27.0,0.0,14.0,6.0,GLENDALE AVE,,0.0,33.53798333,-112.21971111,0.0,8.0,0.0,0.0,1.0,1.0,0.0,1.0,3.0,1.0,0.0,1.0,0.0,0000000,19.0,27.0,19.0,32.0,20.0,3.0,0.0,0.0,0.0,1.0,0.0
4.0,40149.0,1.0,1.0,0.0,0.0,0.0,2.0,2.0,13.0,290.0,18.0,3.0,2013.0,2.0,7.0,52.0,0.0,13.0,6.0,POWER RD,,0.0,33.39102778,-111.68470278,0.0,33.0,0.0,0.0,1.0,1.0,0.0,3.0,1.0,1.0,0.0,1.0,0.0,0000000,7.0,52.0,7.0,55.0,88.0,88.0,0.0,0.0,0.0,1.0,0.0
4.0,40150.0,3.0,3.0,0.0,0.0,0.0,8.0,8.0,13.0,220.0,24.0,3.0,2013.0,1.0,17.0,40.0,1.0,11.0,1.0,I-10,,1230.0,33.46164167,-112.45656111,0.0,12.0,1.0,0.0,1.0,1.0,0.0,1.0,1.0,1.0,0.0,1.0,0.0,0000000,17.0,42.0,17.0,48.0,18.0,46.0,0.0,0.0,0.0,1.0,1.0
4.0,40151.0,1.0,1.0,0.0,0.0,0.0,1.0,1.0,25.0,0.0,28.0,3.0,2013.0,5.0,6.0,45.0,0.0,4.0,3.0,SR-89A,,3612.0,34.77664722,-111.92905556,0.0,1.0,0.0,0.0,1.0,1.0,0.0,4.0,1.0,1.0,0.0,1.0,0.0,0000000,6.0,48.0,6.0,56.0,88.0,88.0,0.0,0.0,0.0,1.0,0.0
4.0,40152.0,1.0,1.0,0.0,0.0,0.0,1.0,1.0,13.0,370.0,31.0,3.0,2013.0,1.0,2.0,21.0,1.0,1.0,1.0,I-17 RAMP,,2240.0,33.79923611,-112.13775556,0.0,33.0,0.0,1.0,5.0,1.0,0.0,4.0,3.0,1.0,0.0,1.0,0.0,0000000,2.0,13.0,2.0,23.0,88.0,88.0,0.0,0.0,0.0,1.0,1.0
4.0,40153.0,1.0,1.0,0.0,0.0,0.0,2.0,2.0,5.0,0.0,31.0,3.0,2013.0,1.0,6.0,50.0,0.0,6.0,9.0,ANGELL RD,,0.0,35.19040556,-111.36743611,0.0,34.0,0.0,0.0,1.0,1.0,0.0,4.0,4.0,1.0,0.0,1.0,0.0,0000000,6.0,54.0,7.0,10.0,7.0,58.0,0.0,0.0,0.0,1.0,0.0
4.0,40154.0,2.0,2.0,0.0,0.0,0.0,3.0,3.0,19.0,0.0,2.0,3.0,2013.0,7.0,15.0,24.0,0.0,4.0,3.0,SR-83,GARDNER CANYON RD,372.0,31.73756389,-110.66343611,0.0,12.0,7.0,0.0,3.0,3.0,0.0,1.0,1.0,1.0,0.0,1.0,0.0,0000000,15.0,24.0,15.0,51.0,88.0,88.0,0.0,0.0,0.0,1.0,0.0
4.0,40155.0,2.0,2.0,0.0,0.0,0.0,4.0,4.0,13.0,490.0,12.0,3.0,2013.0,3.0,17.0,51.0,0.0,13.0,6.0,BROADWAY RD,RURAL RD,0.0,33.40749722,-111.92628333,0.0,12.0,6.0,0.0,2.0,2.0,0.0,1.0,1.0,1.0,0.0,1.0,0.0,0000000,17.0,52.0,17.0,55.0,18.0,11.0,0.0,0.0,0.0,1.0,1.0
4.0,40157.0,1.0,1.0,0.0,0.0,0.0,2.0,2.0,15.0,0.0,18.0,3.0,2013.0,2.0,19.0,27.0,1.0,1.0,1.0,I-40,,934.0,35.19125833,-113.33514444,0.0,1.0,0.0,0.0,1.0,1.0,0.0,3.0,2.0,1.0,0.0,1.0,0.0,0000000,19.0,27.0,20.0,6.0,88.0,88.0,0.0,0.0,0.0,2.0,0.0
4.0,40158.0,1.0,1.0,0.0,0.0,0.0,1.0,1.0,13.0,388.0,25.0,3.0,2013.0,2.0,12.0,40.0,0.0,6.0,9.0,205TH ST,,0.0,33.206325,-111.64205278,0.0,72.0,0.0,0.0,1.0,1.0,0.0,1.0,1.0,1.0,0.0,1.0,0.0,0000000,12.0,40.0,13.0,5.0,88.0,88.0,0.0,0.0,0.0,1.0,0.0
4.0,40159.0,2.0,2.0,0.0,0.0,0.0,2.0,2.0,13.0,486.0,27.0,3.0,2013.0,4.0,19.0,37.0,0.0,16.0,6.0,WADDELL RD,LA COMETA,0.0,33.60931389,-112.37246111,0.0,12.0,6.0,0.0,2.0,3.0,0.0,1.0,3.0,1.0,0.0,1.0,0.0,0000000,19.0,38.0,19.0,42.0,20.0,7.0,0.0,0.0,0.0,1.0,0.0
4.0,40160.0,1.0,1.0,0.0,1.0,1.0,3.0,3.0,7.0,416.0,29.0,3.0,2013.0,6.0,16.0,37.0,0.0,6.0,8.0,AIRPORT 79 RD,,0.0,33.37810556,-110.45905833,3.0,8.0,0.0,0.0,1.0,1.0,0.0,1.0,1.0,1.0,0.0,1.0,0.0,0000000,99.0,99.0,99.0,99.0,99.0,99.0,0.0,0.0,0.0,1.0,0.0
4.0,40161.0,1.0,1.0,0.0,1.0,1.0,2.0,2.0,19.0,530.0,11.0,3.0,2013.0,2.0,19.0,0.0,0.0,14.0,9.0,RUTHRAUFF RD,,0.0,32.28942222,-111.00319444,0.0,8.0,0.0,0.0,1.0,1.0,0.0,1.0,2.0,1.0,0.0,1.0,0.0,0000000,19.0,11.0,19.0,14.0,19.0,40.0,0.0,0.0,0.0,1.0,0.0
4.0,40163.0,1.0,1.0,0.0,0.0,0.0,1.0,1.0,21.0,160.0,26.0,2.0,2013.0,3.0,99.0,99.0,1.0,1.0,1.0,I-10 RAMP,,2040.0,32.77786667,-111.61890833,0.0,30.0,0.0,1.0,5.0,1.0,1.0,4.0,6.0,1.0,0.0,1.0,0.0,0000000,7.0,22.0,7.0,34.0,88.0,88.0,20.0,0.0,0.0,1.0,0.0
4.0,40164.0,2.0,2.0,0.0,0.0,0.0,2.0,2.0,7.0,210.0,15.0,3.0,2013.0,6.0,8.0,26.0,0.0,13.0,2.0,US-60,,2469.0,33.41536944,-110.83069167,0.0,12.0,1.0,0.0,6.0,1.0,0.0,1.0,1.0,1.0,0.0,1.0,0.0,742369H,8.0,26.0,8.0,30.0,88.0,88.0,0.0,0.0,0.0,1.0,0.0
4.0,40165.0,1.0,1.0,0.0,0.0,0.0,1.0,1.0,25.0,428.0,31.0,3.0,2013.0,1.0,2.0,42.0,0.0,13.0,3.0,SR-89A,,3690.0,34.84600833,-111.83969444,0.0,1.0,0.0,0.0,1.0,1.0,0.0,3.0,2.0,1.0,0.0,1.0,0.0,0000000,2.0,40.0,2.0,48.0,88.0,88.0,0.0,0.0,0.0,1.0,1.0
4.0,40166.0,1.0,1.0,0.0,1.0,1.0,1.0,1.0,13.0,370.0,3.0,3.0,2013.0,1.0,16.0,53.0,0.0,14.0,6.0,NORTHERN AVE,11TH ST,0.0,33.55289167,-112.05872222,0.0,8.0,0.0,0.0,3.0,3.0,0.0,4.0,1.0,1.0,0.0,1.0,0.0,0000000,16.0,53.0,16.0,58.0,99.0,99.0,0.0,0.0,0.0,1.0,0.0
4.0,40167.0,1.0,1.0,0.0,1.0,1.0,1.0,1.0,13.0,370.0,4.0,3.0,2013.0,2.0,6.0,36.0,0.0,13.0,6.0,BELL RD,,0.0,33.64018333,-112.07238333,0.0,8.0,0.0,0.0,1.0,1.0,0.0,1.0,3.0,1.0,0.0,1.0,0.0,0000000,99.0,99.0,99.0,99.0,99.0,99.0,0.0,0.0,0.0,1.0,0.0
4.0,40168.0,1.0,1.0,0.0,0.0,0.0,1.0,1.0,12.0,0.0,4.0,3.0,2013.0,2.0,19.0,23.0,0.0,6.0,9.0,WAYSIDE RD,,0.0,99.9999,999.9999,0.0,1.0,0.0,0.0,99.0,99.0,0.0,99.0,9.0,99.0,0.0,99.0,0.0,0000000,99.0,99.0,99.0,99.0,88.0,88.0,0.0,0.0,0.0,1.0,0.0
4.0,40169.0,2.0,2.0,0.0,0.0,0.0,2.0,2.0,13.0,80.0,5.0,3.0,2013.0,3.0,5.0,47.0,0.0,15.0,6.0,GERMANN RD,COOPER RD,0.0,33.27703056,-111.80688889,0.0,1.0,0.0,0.0,2.0,2.0,0.0,1.0,3.0,1.0,0.0,1.0,0.0,0000000,5.0,47.0,5.0,52.0,88.0,88.0,0.0,0.0,0.0,1.0,0.0
4.0,40170.0,1.0,1.0,0.0,0.0,0.0,2.0,2.0,5.0,0.0,8.0,3.0,2013.0,6.0,7.0,29.0,0.0,6.0,9.0,UNKNOWN RD,,0.0,36.6,-111.06666667,3.0,99.0,99.0,0.0,99.0,99.0,0.0,99.0,1.0,99.0,0.0,99.0,0.0,0000000,99.0,99.0,99.0,99.0,99.0,99.0,0.0,0.0,0.0,1.0,0.0
4.0,40171.0,2.0,2.0,0.0,1.0,1.0,2.0,2.0,13.0,370.0,8.0,3.0,2013.0,6.0,20.0,54.0,0.0,14.0,6.0,7TH ST,,0.0,99.9999,999.9999,0.0,9.0,0.0,0.0,1.0,1.0,0.0,1.0,6.0,99.0,0.0,99.0,0.0,0000000,99.0,99.0,99.0,99.0,99.0,99.0,0.0,0.0,0.0,1.0,0.0
4.0,40172.0,1.0,1.0,0.0,1.0,1.0,2.0,2.0,13.0,0.0,9.0,3.0,2013.0,7.0,19.0,27.0,0.0,13.0,6.0,MAIN ST,83RD PL,0.0,33.41513611,-111.65167222,0.0,8.0,0.0,0.0,2.0,2.0,0.0,1.0,2.0,1.0,0.0,1.0,0.0,0000000,19.0,27.0,19.0,29.0,88.0,88.0,0.0,0.0,0.0,1.0,0.0
4.0,40173.0,2.0,2.0,0.0,0.0,0.0,3.0,3.0,13.0,370.0,10.0,3.0,2013.0,1.0,14.0,30.0,0.0,13.0,6.0,BASELINE RD,,0.0,33.37775278,-112.07440278,0.0,12.0,6.0,0.0,8.0,1.0,0.0,1.0,1.0,1.0,0.0,1.0,0.0,0000000,14.0,31.0,14.0,36.0,14.0,53.0,0.0,0.0,0.0,1.0,0.0
4.0,40174.0,1.0,1.0,0.0,0.0,0.0,1.0,1.0,13.0,370.0,14.0,3.0,2013.0,5.0,0.0,16.0,0.0,16.0,6.0,27TH DR,,0.0,33.79397222,-112.11700278,0.0,33.0,0.0,0.0,1.0,1.0,0.0,3.0,3.0,1.0,0.0,1.0,0.0,0000000,0.0,17.0,0.0,26.0,1.0,5.0,0.0,0.0,0.0,1.0,1.0
4.0,40175.0,1.0,1.0,0.0,1.0,1.0,2.0,2.0,13.0,370.0,23.0,3.0,2013.0,7.0,18.0,40.0,0.0,14.0,6.0,MCDOWELL RD,,0.0,33.46598333,-112.17101667,0.0,15.0,0.0,0.0,1.0,1.0,0.0,1.0,5.0,1.0,0.0,1.0,0.0,0000000,18.0,41.0,18.0,45.0,19.0,2.0,16.0,0.0,0.0,1.0,0.0
4.0,40176.0,1.0,1.0,0.0,1.0,1.0,3.0,3.0,13.0,370.0,23.0,3.0,2013.0,7.0,0.0,23.0,0.0,13.0,6.0,THOMAS RD,,0.0,33.48415,-112.00880278,0.0,8.0,0.0,0.0,1.0,1.0,0.0,1.0,3.0,1.0,0.0,1.0,0.0,0000000,99.0,99.0,99.0,99.0,99.0,99.0,0.0,0.0,0.0,1.0,1.0
4.0,40177.0,2.0,2.0,0.0,0.0,0.0,4.0,4.0,13.0,80.0,24.0,3.0,2013.0,1.0,2.0,19.0,0.0,13.0,6.0,WARNER RD,,0.0,33.33508889,-111.86313611,0.0,12.0,1.0,0.0,1.0,1.0,0.0,1.0,3.0,1.0,0.0,1.0,0.0,0000000,2.0,20.0,2.0,23.0,2.0,48.0,0.0,0.0,0.0,1.0,1.0
4.0,40178.0,1.0,1.0,0.0,1.0,1.0,2.0,2.0,13.0,370.0,24.0,3.0,2013.0,1.0,19.0,38.0,0.0,13.0,6.0,THUNDERBIRD RD,,0.0,33.61082778,-112.12117222,0.0,8.0,0.0,0.0,1.0,1.0,0.0,1.0,5.0,1.0,0.0,1.0,0.0,0000000,19.0,41.0,19.0,46.0,20.0,6.0,0.0,0.0,0.0,1.0,0.0
4.0,40179.0,1.0,1.0,0.0,3.0,3.0,1.0,1.0,13.0,370.0,26.0,3.0,2013.0,3.0,6.0,37.0,0.0,13.0,6.0,INDIAN SCHOOL RD,,0.0,99.9999,999.9999,0.0,8.0,0.0,0.0,1.0,1.0,0.0,4.0,9.0,99.0,0.0,99.0,0.0,0000000,99.0,99.0,99.0,99.0,99.0,99.0,0.0,0.0,0.0,2.0,0.0
4.0,40180.0,1.0,1.0,0.0,1.0,1.0,1.0,1.0,13.0,490.0,28.0,3.0,2013.0,5.0,19.0,39.0,0.0,14.0,6.0,APACHE BLVD,,0.0,33.41468333,-111.91564444,0.0,8.0,0.0,0.0,1.0,1.0,0.0,1.0,3.0,1.0,0.0,1.0,0.0,0000000,19.0,40.0,19.0,44.0,20.0,3.0,0.0,0.0,0.0,1.0,0.0
4.0,40181.0,1.0,1.0,0.0,0.0,0.0,2.0,2.0,1.0,0.0,31.0,3.0,2013.0,1.0,5.0,38.0,0.0,3.0,3.0,SR-264,,4676.0,35.67478333,-109.18508056,3.0,52.0,0.0,0.0,1.0,1.0,0.0,4.0,4.0,1.0,0.0,1.0,0.0,0000000,5.0,41.0,5.0,55.0,88.0,88.0,0.0,0.0,0.0,2.0,0.0
4.0,40182.0,1.0,1.0,0.0,0.0,0.0,2.0,2.0,13.0,370.0,31.0,3.0,2013.0,1.0,17.0,46.0,0.0,16.0,6.0,MADISON ST,17TH AVE,0.0,33.44596944,-112.09582778,0.0,33.0,0.0,0.0,3.0,2.0,0.0,4.0,1.0,1.0,0.0,1.0,0.0,0000000,17.0,47.0,17.0,50.0,18.0,10.0,0.0,0.0,0.0,1.0,1.0
4.0,40183.0,2.0,2.0,0.0,0.0,0.0,6.0,6.0,13.0,0.0,31.0,3.0,2013.0,1.0,20.0,46.0,0.0,14.0,9.0,UNIVERSITY DR,67TH ST,0.0,33.42290278,-111.68723333,0.0,12.0,6.0,0.0,2.0,3.0,0.0,1.0,3.0,1.0,0.0,1.0,0.0,0000000,20.0,46.0,20.0,52.0,21.0,30.0,0.0,0.0,0.0,1.0,0.0
4.0,40184.0,2.0,2.0,0.0,1.0,1.0,6.0,6.0,23.0,17.0,3.0,3.0,2013.0,1.0,19.0,16.0,1.0,1.0,1.0,I-19,,285.0,31.70562222,-111.06551944,0.0,8.0,0.0,0.0,1.0,1.0,0.0,1.0,2.0,1.0,0.0,1.0,0.0,0000000,19.0,20.0,19.0,27.0,88.0,88.0,0.0,0.0,0.0,1.0,0.0
4.0,40185.0,2.0,2.0,0.0,0.0,0.0,2.0,2.0,13.0,370.0,13.0,3.0,2013.0,4.0,12.0,0.0,0.0,13.0,6.0,THOMAS RD,52ND ST,0.0,33.48003889,-111.96956389,0.0,12.0,6.0,0.0,2.0,2.0,0.0,1.0,1.0,1.0,0.0,1.0,0.0,0000000,99.0,99.0,99.0,99.0,99.0,99.0,0.0,0.0,0.0,1.0,0.0
4.0,40186.0,1.0,1.0,0.0,0.0,0.0,4.0,4.0,13.0,420.0,28.0,3.0,2013.0,5.0,2.0,5.0,0.0,13.0,9.0,MCDOWELL RD,SR-101 RAMP,0.0,33.46579444,-111.88781667,3.0,33.0,0.0,1.0,3.0,2.0,0.0,3.0,3.0,1.0,0.0,1.0,0.0,0000000,99.0,99.0,99.0,99.0,99.0,99.0,0.0,0.0,0.0,1.0,1.0
4.0,40187.0,1.0,1.0,0.0,1.0,1.0,1.0,1.0,13.0,0.0,17.0,2.0,2013.0,1.0,20.0,26.0,0.0,15.0,9.0,LITCHFIELD RD,,0.0,33.5739,-112.35903333,0.0,9.0,0.0,0.0,1.0,1.0,0.0,1.0,2.0,1.0,0.0,1.0,0.0,0000000,20.0,26.0,99.0,99.0,99.0,99.0,0.0,0.0,0.0,1.0,0.0
4.0,40188.0,1.0,1.0,0.0,0.0,0.0,2.0,2.0,13.0,0.0,24.0,2.0,2013.0,1.0,99.0,99.0,0.0,5.0,9.0,FORT MCDOWELL RD,,0.0,99.9999,999.9999,3.0,1.0,0.0,0.0,1.0,1.0,0.0,4.0,6.0,99.0,0.0,99.0,0.0,0000000,99.0,99.0,99.0,99.0,99.0,99.0,0.0,0.0,0.0,1.0,0.0
4.0,40189.0,2.0,2.0,0.0,0.0,0.0,4.0,4.0,13.0,200.0,2.0,4.0,2013.0,3.0,17.0,58.0,1.0,12.0,3.0,SR-101 RAMP,,80.0,33.54827222,-112.27038333,0.0,12.0,6.0,1.0,20.0,1.0,0.0,1.0,1.0,1.0,0.0,1.0,0.0,0000000,17.0,59.0,18.0,5.0,18.0,20.0,0.0,0.0,0.0,2.0,1.0
4.0,40190.0,2.0,2.0,0.0,0.0,0.0,2.0,2.0,13.0,370.0,3.0,4.0,2013.0,4.0,9.0,48.0,1.0,12.0,3.0,SR-51,,129.0,33.63112222,-112.00451667,0.0,73.0,0.0,1.0,18.0,1.0,0.0,1.0,1.0,1.0,0.0,1.0,0.0,0000000,9.0,50.0,9.0,54.0,10.0,18.0,0.0,0.0,0.0,1.0,0.0
4.0,40191.0,1.0,1.0,0.0,0.0,0.0,1.0,1.0,13.0,80.0,3.0,4.0,2013.0,4.0,20.0,9.0,0.0,14.0,6.0,KYRENE RD,PECOS RD,0.0,33.29074444,-111.94565833,3.0,33.0,0.0,0.0,3.0,3.0,0.0,4.0,3.0,1.0,0.0,1.0,0.0,0000000,99.0,99.0,99.0,99.0,99.0,99.0,0.0,0.0,0.0,1.0,1.0
4.0,40192.0,1.0,1.0,0.0,1.0,1.0,1.0,1.0,19.0,530.0,4.0,4.0,2013.0,5.0,11.0,40.0,0.0,14.0,6.0,SWAN RD,,0.0,32.22099167,-110.89223611,0.0,8.0,0.0,0.0,8.0,1.0,0.0,1.0,1.0,10.0,0.0,10.0,0.0,0000000,11.0,41.0,11.0,45.0,99.0,99.0,16.0,0.0,0.0,1.0,0.0
4.0,40193.0,1.0,1.0,0.0,0.0,0.0,1.0,1.0,25.0,0.0,4.0,4.0,2013.0,5.0,14.0,9.0,1.0,1.0,1.0,I-17,,2503.0,34.16547222,-112.14460833,0.0,1.0,0.0,0.0,1.0,1.0,0.0,4.0,1.0,1.0,0.0,1.0,0.0,0000000,14.0,9.0,14.0,19.0,88.0,88.0,0.0,0.0,0.0,1.0,0.0