STATE,ST_CASE,VE_TOTAL,VE_FORMS,PVH_INVL,PEDS,PERNOTMVIT,PERMVIT,PERSONS,COUNTY,CITY,DAY,MONTH,YEAR,DAY_WEEK,HOUR,MINUTE,NHS,ROAD_FNC,ROUTE,TWAY_ID,TWAY_ID2,MILEPT,LATITUDE,LONGITUD,SP_JUR,HARM_EV,MAN_COLL,RELJCT1,RELJCT2,TYP_INT,WRK_ZONE,REL_ROAD,LGT_COND,WEATHER1,WEATHER2,WEATHER,SCH_BUS,RAIL,NOT_HOUR,NOT_MIN,ARR_HOUR,ARR_MIN,HOSP_HR,HOSP_MN,CF1,CF2,CF3,FATALS,DRUNK_DR
4.0,40022.0,2.0,2.0,0.0,1.0,1.0,2.0,2.0,27.0,620.0,21.0,1.0,2013.0,2.0,23.0,30.0,0.0,14.0,6.0,24TH ST,,0.0,32.68392778,-114.62582222,0.0,8.0,0.0,0.0,1.0,1.0,0.0,1.0,3.0,1.0,0.0,1.0,0.0,0000000,23.0,30.0,23.0,33.0,23.0,49.0,0.0,0.0,0.0,1.0,0.0
4.0,40025.0,1.0,1.0,0.0,1.0,1.0,1.0,1.0,15.0,0.0,23.0,1.0,2013.0,4.0,10.0,29.0,1.0,2.0,2.0,US-93,,85.0,35.93993333,-114.64075556,0.0,8.0,0.0,0.0,1.0,1.0,0.0,1.0,1.0,1.0,0.0,1.0,0.0,0000000,10.0,32.0,10.0,32.0,88.0,88.0,0.0,0.0,0.0,1.0,0.0
4.0,40028.0,1.0,1.0,0.0,1.0,1.0,2.0,2.0,27.0,620.0,27.0,1.0,2013.0,1.0,22.0,16.0,1.0,11.0,7.0,I-8 FRONTAGE RD,,0.0,32.67015278,-114.41637222,0.0,8.0,0.0,0.0,1.0,1.0,0.0,1.0,2.0,10.0,0.0,10.0,0.0,0000000,22.0,18.0,22.0,22.0,88.0,88.0,0.0,0.0,0.0,1.0,0.0
4.0,40078.0,1.0,1.0,0.0,1.0,1.0,0.0,0.0,15.0,268.0,15.0,2.0,2013.0,6.0,14.0,46.0,0.0,16.0,6.0,CORAL DR,,0.0,34.4872,-114.34035278,0.0,8.0,0.0,0.0,8.0,1.0,0.0,5.0,1.0,1.0,0.0,1.0,0.0,0000000,14.0,49.0,14.0,55.0,15.0,6.0,24.0,0.0,0.0,1.0,0.0
4.0,40079.0,1.0,1.0,0.0,0.0,0.0,1.0,1.0,15.0,0.0,16.0,2.0,2013.0,7.0,22.0,15.0,1.0,1.0,1.0,I-40,,6.0,34.71821389,-114.47734444,0.0,1.0,0.0,1.0,19.0,1.0,0.0,4.0,2.0,1.0,0.0,1.0,0.0,0000000,22.0,19.0,22.0,22.0,88.0,88.0,0.0,0.0,0.0,1.0,1.0
4.0,40100.0,2.0,2.0,0.0,1.0,1.0,3.0,3.0,15.0,0.0,4.0,3.0,2013.0,2.0,19.0,20.0,0.0,2.0,3.0,SR-95,,2382.0,35.02290278,-114.59798889,0.0,8.0,0.0,0.0,1.0,1.0,0.0,1.0,2.0,1.0,0.0,1.0,0.0,0000000,19.0,20.0,19.0,26.0,88.0,88.0,0.0,0.0,0.0,1.0,0.0
4.0,40102.0,1.0,1.0,0.0,1.0,1.0,2.0,2.0,15.0,268.0,6.0,3.0,2013.0,4.0,20.0,53.0,0.0,15.0,6.0,PALO VERDE BLVD S,,0.0,34.482825,-114.34908889,0.0,9.0,0.0,0.0,8.0,1.0,0.0,1.0,2.0,1.0,0.0,1.0,0.0,0000000,20.0,57.0,21.0,0.0,21.0,12.0,0.0,0.0,0.0,1.0,0.0
4.0,40105.0,1.0,1.0,0.0,1.0,1.0,1.0,1.0,15.0,0.0,11.0,3.0,2013.0,2.0,10.0,50.0,1.0,2.0,3.0,SR-95,,1722.0,34.416825,-114.19678611,0.0,9.0,0.0,0.0,1.0,1.0,0.0,1.0,1.0,1.0,0.0,1.0,0.0,0000000,10.0,58.0,11.0,5.0,11.0,40.0,0.0,0.0,0.0,1.0,0.0
4.0,40117.0,1.0,1.0,0.0,0.0,0.0,1.0,1.0,15.0,0.0,25.0,3.0,2013.0,2.0,17.0,46.0,1.0,1.0,1.0,I-40,,415.0,35.09766389,-114.11814722,0.0,1.0,0.0,0.0,1.0,1.0,0.0,4.0,1.0,10.0,0.0,10.0,0.0,0000000,17.0,46.0,17.0,56.0,88.0,88.0,0.0,0.0,0.0,1.0,0.0
4.0,40122.0,2.0,2.0,0.0,0.0,0.0,2.0,2.0,15.0,318.0,29.0,3.0,2013.0,6.0,10.0,11.0,0.0,2.0,3.0,SR-95,CAMP MOHAVE RD,2385.0,35.02602778,-114.59796111,0.0,12.0,6.0,0.0,2.0,2.0,0.0,1.0,1.0,1.0,0.0,1.0,0.0,0000000,10.0,14.0,10.0,22.0,10.0,30.0,0.0,0.0,0.0,1.0,0.0
4.0,40148.0,2.0,2.0,0.0,0.0,0.0,2.0,2.0,12.0,387.0,4.0,3.0,2013.0,2.0,16.0,31.0,1.0,2.0,2.0,US-95,,1035.0,33.651725,-114.21710278,0.0,12.0,6.0,0.0,8.0,1.0,0.0,1.0,1.0,1.0,0.0,1.0,0.0,0000000,16.0,30.0,16.0,32.0,99.0,99.0,0.0,0.0,0.0,1.0,0.0
4.0,40156.0,1.0,1.0,0.0,0.0,0.0,4.0,4.0,27.0,0.0,13.0,3.0,2013.0,4.0,19.0,5.0,0.0,6.0,9.0,LAGUNA DAM RD,,0.0,32.81895833,-114.46779722,0.0,1.0,0.0,0.0,1.0,1.0,0.0,4.0,2.0,1.0,0.0,1.0,0.0,0000000,19.0,18.0,19.0,40.0,20.0,30.0,0.0,0.0,0.0,1.0,1.0
4.0,40162.0,1.0,1.0,0.0,0.0,0.0,1.0,1.0,12.0,387.0,2.0,2.0,2013.0,7.0,21.0,41.0,1.0,13.0,3.0,SR-95,KENOYER ST,1098.0,33.67683889,-114.21708056,0.0,33.0,0.0,0.0,3.0,3.0,0.0,4.0,3.0,1.0,0.0,1.0,0.0,0000000,21.0,42.0,21.0,45.0,88.0,88.0,20.0,0.0,0.0,1.0,1.0